status	case	seconds	input_sha256	output	phase_ir	residual_vmi_ops	diagnostic	phase_regions	phase_loops	phase_vloads	phase_vstores	phase_vmi_instances	phase_local_boundaries	phase_hard_boundaries	source_tileop_kinds	source_tileop_instances	assessment
PASS	_jit_attention_csa_test_20260723_032646/ptoas/comb_sinkhorn.pto	266	d1e8b19ff01b531b091af5fd3d39a991f0430fba19e9095680d5fbbe65bf0c1d	artifacts/533887b4ae09635e9c7ddb5db7d7bf29c12f8347/final-vpto/_jit_attention_csa_test_20260723_032646/ptoas/comb_sinkhorn.pto.vpto.mlir	artifacts/533887b4ae09635e9c7ddb5db7d7bf29c12f8347/all-phase-ir/_jit_attention_csa_test_20260723_032646/ptoas/comb_sinkhorn	0	TileLib daemon 'ptodsl.tilelib.serving.daemon' started (pid=32887, socket=/tmp/tilelib_daemon_32884.sock) Info: ptodsl TileLib daemon started successfully TileLib daemon stopped (pid=32887)	56	1	0	0	56	52	21	14	129	fusion_candidate_with_local_boundaries
PASS	_jit_attention_csa_test_20260723_032646/ptoas/csa_cache_writeback.pto	5	32f9596913a4a506ef7c35543cb2db92d6b5628dfc6c10046494bec86bd0afc5	artifacts/533887b4ae09635e9c7ddb5db7d7bf29c12f8347/final-vpto/_jit_attention_csa_test_20260723_032646/ptoas/csa_cache_writeback.pto.vpto.mlir	artifacts/533887b4ae09635e9c7ddb5db7d7bf29c12f8347/all-phase-ir/_jit_attention_csa_test_20260723_032646/ptoas/csa_cache_writeback	0	TileLib daemon 'ptodsl.tilelib.serving.daemon' started (pid=33490, socket=/tmp/tilelib_daemon_33487.sock) Info: ptodsl TileLib daemon started successfully TileLib daemon stopped (pid=33490)	0	1	0	0	0	0	2	2	2	hard_boundary_only
PASS	_jit_attention_csa_test_20260723_032646/ptoas/csa_cmp_rope.pto	11	ab2f356c95fd0972385a685fb9ce936e2e6eef78400e39030f2ada94137b24e3	artifacts/533887b4ae09635e9c7ddb5db7d7bf29c12f8347/final-vpto/_jit_attention_csa_test_20260723_032646/ptoas/csa_cmp_rope.pto.vpto.mlir	artifacts/533887b4ae09635e9c7ddb5db7d7bf29c12f8347/all-phase-ir/_jit_attention_csa_test_20260723_032646/ptoas/csa_cmp_rope	0	TileLib daemon 'ptodsl.tilelib.serving.daemon' started (pid=33499, socket=/tmp/tilelib_daemon_33496.sock) Info: ptodsl TileLib daemon started successfully TileLib daemon stopped (pid=33499)	0	1	0	0	0	2	4	3	6	hard_boundary_only
PASS	_jit_attention_csa_test_20260723_032646/ptoas/csa_rope_step.pto	23	d1928295b47dddcd6af9a07a4a447978cf1a255add978fd078375fc043d7f1f7	artifacts/533887b4ae09635e9c7ddb5db7d7bf29c12f8347/final-vpto/_jit_attention_csa_test_20260723_032646/ptoas/csa_rope_step.pto.vpto.mlir	artifacts/533887b4ae09635e9c7ddb5db7d7bf29c12f8347/all-phase-ir/_jit_attention_csa_test_20260723_032646/ptoas/csa_rope_step	0	TileLib daemon 'ptodsl.tilelib.serving.daemon' started (pid=33524, socket=/tmp/tilelib_daemon_33521.sock) Info: ptodsl TileLib daemon started successfully TileLib daemon stopped (pid=33524)	0	2	0	0	0	6	8	3	14	hard_boundary_only
PASS	_jit_attention_csa_test_20260723_032646/ptoas/csa_slots_build_valid_qk_plan.pto	70	8b1ec12c6cf930d2ed394af2b20fab46ec1ee9341f10b7ac846c2bebd792d333	artifacts/533887b4ae09635e9c7ddb5db7d7bf29c12f8347/final-vpto/_jit_attention_csa_test_20260723_032646/ptoas/csa_slots_build_valid_qk_plan.pto.vpto.mlir	artifacts/533887b4ae09635e9c7ddb5db7d7bf29c12f8347/all-phase-ir/_jit_attention_csa_test_20260723_032646/ptoas/csa_slots_build_valid_qk_plan	0	TileLib daemon 'ptodsl.tilelib.serving.daemon' started (pid=33574, socket=/tmp/tilelib_daemon_33571.sock) Info: ptodsl TileLib daemon started successfully TileLib daemon stopped (pid=33574)	18	3	0	0	18	10	6	14	35	fusion_candidate_with_local_boundaries
PASS	_jit_attention_csa_test_20260723_032646/ptoas/hc_post.pto	95	d9df9ffe5a2d6875dd7c3224e09c028ec868ebe0bf3c3acedce967246854c9be	artifacts/533887b4ae09635e9c7ddb5db7d7bf29c12f8347/final-vpto/_jit_attention_csa_test_20260723_032646/ptoas/hc_post.pto.vpto.mlir	artifacts/533887b4ae09635e9c7ddb5db7d7bf29c12f8347/all-phase-ir/_jit_attention_csa_test_20260723_032646/ptoas/hc_post	0	TileLib daemon 'ptodsl.tilelib.serving.daemon' started (pid=33694, socket=/tmp/tilelib_daemon_33691.sock) Info: ptodsl TileLib daemon started successfully TileLib daemon stopped (pid=33694)	27	1	0	0	27	3	18	5	48	fusion_candidate_with_local_boundaries
PASS	_jit_attention_csa_test_20260723_032646/ptoas/hc_pre_linear.pto	27	ea1f46ca8f2fd598f4da66ac50852a994d43d72fa43779cc6cf1b924abb89c8b	artifacts/533887b4ae09635e9c7ddb5db7d7bf29c12f8347/final-vpto/_jit_attention_csa_test_20260723_032646/ptoas/hc_pre_linear.pto.vpto.mlir	artifacts/533887b4ae09635e9c7ddb5db7d7bf29c12f8347/all-phase-ir/_jit_attention_csa_test_20260723_032646/ptoas/hc_pre_linear	0	TileLib daemon 'ptodsl.tilelib.serving.daemon' started (pid=33874, socket=/tmp/tilelib_daemon_33871.sock) Info: ptodsl TileLib daemon started successfully TileLib daemon stopped (pid=33874)	0	1	0	0	0	0	14	4	14	hard_boundary_only
PASS	_jit_attention_csa_test_20260723_032646/ptoas/hc_pre_rms.pto	49	24ade7bf9ad7a52759931ff7cf018185020b38f3dc1cf854197831ccc2fa6638	artifacts/533887b4ae09635e9c7ddb5db7d7bf29c12f8347/final-vpto/_jit_attention_csa_test_20260723_032646/ptoas/hc_pre_rms.pto.vpto.mlir	artifacts/533887b4ae09635e9c7ddb5db7d7bf29c12f8347/all-phase-ir/_jit_attention_csa_test_20260723_032646/ptoas/hc_pre_rms	0	TileLib daemon 'ptodsl.tilelib.serving.daemon' started (pid=33939, socket=/tmp/tilelib_daemon_33933.sock) Info: ptodsl TileLib daemon started successfully TileLib daemon stopped (pid=33939)	14	1	0	0	15	1	5	9	21	fusion_candidate_with_local_boundaries
PASS	_jit_attention_csa_test_20260723_032646/ptoas/hc_pre_seed.pto	4	777c4379059f3af5b94bae38a3258a9e1ccb367b28f70533f6f66bb7eef7efbe	artifacts/533887b4ae09635e9c7ddb5db7d7bf29c12f8347/final-vpto/_jit_attention_csa_test_20260723_032646/ptoas/hc_pre_seed.pto.vpto.mlir	artifacts/533887b4ae09635e9c7ddb5db7d7bf29c12f8347/all-phase-ir/_jit_attention_csa_test_20260723_032646/ptoas/hc_pre_seed	0	TileLib daemon 'ptodsl.tilelib.serving.daemon' started (pid=34058, socket=/tmp/tilelib_daemon_34055.sock) Info: ptodsl TileLib daemon started successfully TileLib daemon stopped (pid=34058)	0	1	0	0	0	1	1	2	2	hard_boundary_only
PASS	_jit_attention_csa_test_20260723_032646/ptoas/idx_qr_proj_dequant.pto	15	0c74f061e18895c3f4bf536f038c3745963a20d27809cf3adbf5eadd9135516c	artifacts/533887b4ae09635e9c7ddb5db7d7bf29c12f8347/final-vpto/_jit_attention_csa_test_20260723_032646/ptoas/idx_qr_proj_dequant.pto.vpto.mlir	artifacts/533887b4ae09635e9c7ddb5db7d7bf29c12f8347/all-phase-ir/_jit_attention_csa_test_20260723_032646/ptoas/idx_qr_proj_dequant	0	TileLib daemon 'ptodsl.tilelib.serving.daemon' started (pid=34065, socket=/tmp/tilelib_daemon_34064.sock) Info: ptodsl TileLib daemon started successfully TileLib daemon stopped (pid=34065)	1	0	0	0	1	2	4	5	7	fusion_candidate_with_local_boundaries
PASS	_jit_attention_csa_test_20260723_032646/ptoas/idx_qr_proj_matmul.pto	48	33d52a88ca5618ad3688d9893f251bdcb9676f352d86e91bc02eee0e838f692d	artifacts/533887b4ae09635e9c7ddb5db7d7bf29c12f8347/final-vpto/_jit_attention_csa_test_20260723_032646/ptoas/idx_qr_proj_matmul.pto.vpto.mlir	artifacts/533887b4ae09635e9c7ddb5db7d7bf29c12f8347/all-phase-ir/_jit_attention_csa_test_20260723_032646/ptoas/idx_qr_proj_matmul	0	TileLib daemon 'ptodsl.tilelib.serving.daemon' started (pid=34095, socket=/tmp/tilelib_daemon_34092.sock) Info: ptodsl TileLib daemon started successfully TileLib daemon stopped (pid=34095)	0	5	0	0	0	0	24	4	24	hard_boundary_only
PASS	_jit_attention_csa_test_20260723_032646/ptoas/kv_and_cache_write.pto	28	da472432090e3dd7a8f46bb1c5efd4142ff2caff0a6a53a6b96a171fb8c12d29	artifacts/533887b4ae09635e9c7ddb5db7d7bf29c12f8347/final-vpto/_jit_attention_csa_test_20260723_032646/ptoas/kv_and_cache_write.pto.vpto.mlir	artifacts/533887b4ae09635e9c7ddb5db7d7bf29c12f8347/all-phase-ir/_jit_attention_csa_test_20260723_032646/ptoas/kv_and_cache_write	0	TileLib daemon 'ptodsl.tilelib.serving.daemon' started (pid=34191, socket=/tmp/tilelib_daemon_34188.sock) Info: ptodsl TileLib daemon started successfully TileLib daemon stopped (pid=34191)	4	1	0	0	5	8	4	11	18	fusion_candidate_with_local_boundaries
PASS	_jit_attention_csa_test_20260723_032646/ptoas/kv_hadamard.pto	11	7f83d70fe9702d3755b5eb30337acdaef18c8e48bcbc6e606b1a30d597f4f7df	artifacts/533887b4ae09635e9c7ddb5db7d7bf29c12f8347/final-vpto/_jit_attention_csa_test_20260723_032646/ptoas/kv_hadamard.pto.vpto.mlir	artifacts/533887b4ae09635e9c7ddb5db7d7bf29c12f8347/all-phase-ir/_jit_attention_csa_test_20260723_032646/ptoas/kv_hadamard	0	TileLib daemon 'ptodsl.tilelib.serving.daemon' started (pid=34248, socket=/tmp/tilelib_daemon_34245.sock) Info: ptodsl TileLib daemon started successfully TileLib daemon stopped (pid=34248)	0	1	0	0	0	0	6	4	6	hard_boundary_only
PASS	_jit_attention_csa_test_20260723_032646/ptoas/kv_proj_matmul.pto	49	4073c3f6a440b35b639c26e1f9cd6bd8d68fe408acf4f9e44a3e2d059d9f23c6	artifacts/533887b4ae09635e9c7ddb5db7d7bf29c12f8347/final-vpto/_jit_attention_csa_test_20260723_032646/ptoas/kv_proj_matmul.pto.vpto.mlir	artifacts/533887b4ae09635e9c7ddb5db7d7bf29c12f8347/all-phase-ir/_jit_attention_csa_test_20260723_032646/ptoas/kv_proj_matmul	0	TileLib daemon 'ptodsl.tilelib.serving.daemon' started (pid=34283, socket=/tmp/tilelib_daemon_34282.sock) Info: ptodsl TileLib daemon started successfully TileLib daemon stopped (pid=34283)	0	2	0	0	0	0	23	4	23	hard_boundary_only
PASS	_jit_attention_csa_test_20260723_032646/ptoas/kv_proj_seed.pto	6	8ee6f2479031d2b9148ffef89e7a0cb8efa2a588dd7fc33899817f14053ecbaf	artifacts/533887b4ae09635e9c7ddb5db7d7bf29c12f8347/final-vpto/_jit_attention_csa_test_20260723_032646/ptoas/kv_proj_seed.pto.vpto.mlir	artifacts/533887b4ae09635e9c7ddb5db7d7bf29c12f8347/all-phase-ir/_jit_attention_csa_test_20260723_032646/ptoas/kv_proj_seed	0	TileLib daemon 'ptodsl.tilelib.serving.daemon' started (pid=34397, socket=/tmp/tilelib_daemon_34394.sock) Info: ptodsl TileLib daemon started successfully TileLib daemon stopped (pid=34397)	0	2	0	0	0	1	1	2	2	hard_boundary_only
PASS	_jit_attention_csa_test_20260723_032646/ptoas/kv_rms_norm_rope.pto	149	5e13a2d00eafabdb25adf976f97082f37b9073b36b078daaf525ba3259e7da30	artifacts/533887b4ae09635e9c7ddb5db7d7bf29c12f8347/final-vpto/_jit_attention_csa_test_20260723_032646/ptoas/kv_rms_norm_rope.pto.vpto.mlir	artifacts/533887b4ae09635e9c7ddb5db7d7bf29c12f8347/all-phase-ir/_jit_attention_csa_test_20260723_032646/ptoas/kv_rms_norm_rope	0	TileLib daemon 'ptodsl.tilelib.serving.daemon' started (pid=34407, socket=/tmp/tilelib_daemon_34404.sock) Info: ptodsl TileLib daemon started successfully TileLib daemon stopped (pid=34407)	31	5	0	0	32	18	20	17	70	fusion_candidate_with_local_boundaries
PASS	_jit_attention_csa_test_20260723_032646/ptoas/kv_score_proj.pto	95	f377e459fbc202a8260f3649cc6442b9a5bd2d726365a674b6839c09c0d9b0c7	artifacts/533887b4ae09635e9c7ddb5db7d7bf29c12f8347/final-vpto/_jit_attention_csa_test_20260723_032646/ptoas/kv_score_proj.pto.vpto.mlir	artifacts/533887b4ae09635e9c7ddb5db7d7bf29c12f8347/all-phase-ir/_jit_attention_csa_test_20260723_032646/ptoas/kv_score_proj	0	TileLib daemon 'ptodsl.tilelib.serving.daemon' started (pid=34652, socket=/tmp/tilelib_daemon_34651.sock) Info: ptodsl TileLib daemon started successfully TileLib daemon stopped (pid=34652)	0	1	0	0	0	0	44	4	44	hard_boundary_only
PASS	_jit_attention_csa_test_20260723_032646/ptoas/kv_score_proj_0.pto	51	c8519fad6975152cf677915a0396cd921002a55802960a70a22828cf066ff799	artifacts/533887b4ae09635e9c7ddb5db7d7bf29c12f8347/final-vpto/_jit_attention_csa_test_20260723_032646/ptoas/kv_score_proj_0.pto.vpto.mlir	artifacts/533887b4ae09635e9c7ddb5db7d7bf29c12f8347/all-phase-ir/_jit_attention_csa_test_20260723_032646/ptoas/kv_score_proj_0	0	TileLib daemon 'ptodsl.tilelib.serving.daemon' started (pid=34875, socket=/tmp/tilelib_daemon_34874.sock) Info: ptodsl TileLib daemon started successfully TileLib daemon stopped (pid=34875)	0	1	0	0	0	0	23	4	23	hard_boundary_only
PASS	_jit_attention_csa_test_20260723_032646/ptoas/kv_touch.pto	6	d0c9f8fef3a5c884586c37f5c52a1302d0627f6bcd7cfefa397981cb3febcc97	artifacts/533887b4ae09635e9c7ddb5db7d7bf29c12f8347/final-vpto/_jit_attention_csa_test_20260723_032646/ptoas/kv_touch.pto.vpto.mlir	artifacts/533887b4ae09635e9c7ddb5db7d7bf29c12f8347/all-phase-ir/_jit_attention_csa_test_20260723_032646/ptoas/kv_touch	0	TileLib daemon 'ptodsl.tilelib.serving.daemon' started (pid=34974, socket=/tmp/tilelib_daemon_34971.sock) Info: ptodsl TileLib daemon started successfully TileLib daemon stopped (pid=34974)	0	0	0	0	0	0	2	2	2	hard_boundary_only
PASS	_jit_attention_csa_test_20260723_032646/ptoas/merge_norm.pto	115	e3775ff6b026268c7edd83dc9b02c1e9ba5bceb1ef1b11e1b3e356e571f33da3	artifacts/533887b4ae09635e9c7ddb5db7d7bf29c12f8347/final-vpto/_jit_attention_csa_test_20260723_032646/ptoas/merge_norm.pto.vpto.mlir	artifacts/533887b4ae09635e9c7ddb5db7d7bf29c12f8347/all-phase-ir/_jit_attention_csa_test_20260723_032646/ptoas/merge_norm	0	TileLib daemon 'ptodsl.tilelib.serving.daemon' started (pid=34987, socket=/tmp/tilelib_daemon_34984.sock) Info: ptodsl TileLib daemon started successfully TileLib daemon stopped (pid=34987)	27	3	0	0	27	10	14	18	51	fusion_candidate_with_local_boundaries
PASS	_jit_attention_csa_test_20260723_032646/ptoas/mix_x.pto	63	04b0ad82120c982cbfab33173d31c1407e8031767e07adc80b5a0dd8e2ee60fb	artifacts/533887b4ae09635e9c7ddb5db7d7bf29c12f8347/final-vpto/_jit_attention_csa_test_20260723_032646/ptoas/mix_x.pto.vpto.mlir	artifacts/533887b4ae09635e9c7ddb5db7d7bf29c12f8347/all-phase-ir/_jit_attention_csa_test_20260723_032646/ptoas/mix_x	0	TileLib daemon 'ptodsl.tilelib.serving.daemon' started (pid=35203, socket=/tmp/tilelib_daemon_35200.sock) Info: ptodsl TileLib daemon started successfully TileLib daemon stopped (pid=35203)	8	1	0	0	8	9	11	6	28	fusion_candidate_with_local_boundaries
PASS	_jit_attention_csa_test_20260723_032646/ptoas/proj_a_mm.pto	79	22dfaf085e920071180888d21a507f1567d724368830d812a6da3ddb4cd4e279	artifacts/533887b4ae09635e9c7ddb5db7d7bf29c12f8347/final-vpto/_jit_attention_csa_test_20260723_032646/ptoas/proj_a_mm.pto.vpto.mlir	artifacts/533887b4ae09635e9c7ddb5db7d7bf29c12f8347/all-phase-ir/_jit_attention_csa_test_20260723_032646/ptoas/proj_a_mm	0	TileLib daemon 'ptodsl.tilelib.serving.daemon' started (pid=35318, socket=/tmp/tilelib_daemon_35315.sock) Info: ptodsl TileLib daemon started successfully TileLib daemon stopped (pid=35318)	0	1	0	0	0	0	33	4	33	hard_boundary_only
PASS	_jit_attention_csa_test_20260723_032646/ptoas/proj_b_act.pto	35	40624f96feef649ab22d79291b5189d095bdfd66540107fe6dd8392da86e0635	artifacts/533887b4ae09635e9c7ddb5db7d7bf29c12f8347/final-vpto/_jit_attention_csa_test_20260723_032646/ptoas/proj_b_act.pto.vpto.mlir	artifacts/533887b4ae09635e9c7ddb5db7d7bf29c12f8347/all-phase-ir/_jit_attention_csa_test_20260723_032646/ptoas/proj_b_act	0	TileLib daemon 'ptodsl.tilelib.serving.daemon' started (pid=35516, socket=/tmp/tilelib_daemon_35513.sock) Info: ptodsl TileLib daemon started successfully TileLib daemon stopped (pid=35516)	4	1	0	0	4	5	6	7	15	fusion_candidate_with_local_boundaries
PASS	_jit_attention_csa_test_20260723_032646/ptoas/proj_b_mm.pto	55	774bbfc38e0c177005c988fb2260ff2bed3231c722f61cd5af7a30031a691ffc	artifacts/533887b4ae09635e9c7ddb5db7d7bf29c12f8347/final-vpto/_jit_attention_csa_test_20260723_032646/ptoas/proj_b_mm.pto.vpto.mlir	artifacts/533887b4ae09635e9c7ddb5db7d7bf29c12f8347/all-phase-ir/_jit_attention_csa_test_20260723_032646/ptoas/proj_b_mm	0	TileLib daemon 'ptodsl.tilelib.serving.daemon' started (pid=35597, socket=/tmp/tilelib_daemon_35592.sock) Info: ptodsl TileLib daemon started successfully TileLib daemon stopped (pid=35597)	0	2	0	0	0	0	25	4	25	hard_boundary_only
PASS	_jit_attention_csa_test_20260723_032646/ptoas/q_rope_prepare.pto	56	c7c0283c6b49b9e60a044cf76e98c76e5e59ce1bf1150cd716eb2e7cb83e392f	artifacts/533887b4ae09635e9c7ddb5db7d7bf29c12f8347/final-vpto/_jit_attention_csa_test_20260723_032646/ptoas/q_rope_prepare.pto.vpto.mlir	artifacts/533887b4ae09635e9c7ddb5db7d7bf29c12f8347/all-phase-ir/_jit_attention_csa_test_20260723_032646/ptoas/q_rope_prepare	0	TileLib daemon 'ptodsl.tilelib.serving.daemon' started (pid=35693, socket=/tmp/tilelib_daemon_35690.sock) Info: ptodsl TileLib daemon started successfully TileLib daemon stopped (pid=35693)	11	2	0	0	11	9	8	13	28	fusion_candidate_with_local_boundaries
PASS	_jit_attention_csa_test_20260723_032646/ptoas/qk_pv.pto	93	90fb126e1a3f52e863dcc24bfe42c6a865142bd7c2385b7dc7bf7bc3692b66fb	artifacts/533887b4ae09635e9c7ddb5db7d7bf29c12f8347/final-vpto/_jit_attention_csa_test_20260723_032646/ptoas/qk_pv.pto.vpto.mlir	artifacts/533887b4ae09635e9c7ddb5db7d7bf29c12f8347/all-phase-ir/_jit_attention_csa_test_20260723_032646/ptoas/qk_pv	0	TileLib daemon 'ptodsl.tilelib.serving.daemon' started (pid=35791, socket=/tmp/tilelib_daemon_35788.sock) Info: ptodsl TileLib daemon started successfully TileLib daemon stopped (pid=35791)	8	10	0	0	8	1	45	19	63	fusion_candidate_with_local_boundaries
PASS	_jit_attention_csa_test_20260723_032646/ptoas/qproj_dequant_rms_nope_rope.pto	87	150dcc7ab98279c6946eace5a6b222e7605efc13a6d466cac1d5a493b13e3cb9	artifacts/533887b4ae09635e9c7ddb5db7d7bf29c12f8347/final-vpto/_jit_attention_csa_test_20260723_032646/ptoas/qproj_dequant_rms_nope_rope.pto.vpto.mlir	artifacts/533887b4ae09635e9c7ddb5db7d7bf29c12f8347/all-phase-ir/_jit_attention_csa_test_20260723_032646/ptoas/qproj_dequant_rms_nope_rope	0	TileLib daemon 'ptodsl.tilelib.serving.daemon' started (pid=35955, socket=/tmp/tilelib_daemon_35952.sock) Info: ptodsl TileLib daemon started successfully TileLib daemon stopped (pid=35955)	22	4	0	0	24	8	14	13	46	fusion_candidate_with_local_boundaries
PASS	_jit_attention_csa_test_20260723_032646/ptoas/qproj_matmul.pto	45	dbac01ce7c570a9bf66ee8976170b58c50665394c4936648def602f352aa07ca	artifacts/533887b4ae09635e9c7ddb5db7d7bf29c12f8347/final-vpto/_jit_attention_csa_test_20260723_032646/ptoas/qproj_matmul.pto.vpto.mlir	artifacts/533887b4ae09635e9c7ddb5db7d7bf29c12f8347/all-phase-ir/_jit_attention_csa_test_20260723_032646/ptoas/qproj_matmul	0	TileLib daemon 'ptodsl.tilelib.serving.daemon' started (pid=36145, socket=/tmp/tilelib_daemon_36142.sock) Info: ptodsl TileLib daemon started successfully TileLib daemon stopped (pid=36145)	0	6	0	0	0	0	24	4	24	hard_boundary_only
PASS	_jit_attention_csa_test_20260723_032646/ptoas/qr_hadamard_matmul.pto	12	ab510cd9de0b3abaad0f6ab85036ca534254f46934aecc3d7c4321cf1bd651b9	artifacts/533887b4ae09635e9c7ddb5db7d7bf29c12f8347/final-vpto/_jit_attention_csa_test_20260723_032646/ptoas/qr_hadamard_matmul.pto.vpto.mlir	artifacts/533887b4ae09635e9c7ddb5db7d7bf29c12f8347/all-phase-ir/_jit_attention_csa_test_20260723_032646/ptoas/qr_hadamard_matmul	0	TileLib daemon 'ptodsl.tilelib.serving.daemon' started (pid=36241, socket=/tmp/tilelib_daemon_36238.sock) Info: ptodsl TileLib daemon started successfully TileLib daemon stopped (pid=36241)	0	0	0	0	0	0	6	4	6	hard_boundary_only
PASS	_jit_attention_csa_test_20260723_032646/ptoas/qr_hadamard_quant.pto	31	3b1a2c5b806d7b566570c29913f3dd86388b2b820f3150e96a1c2f2c08b10bbe	artifacts/533887b4ae09635e9c7ddb5db7d7bf29c12f8347/final-vpto/_jit_attention_csa_test_20260723_032646/ptoas/qr_hadamard_quant.pto.vpto.mlir	artifacts/533887b4ae09635e9c7ddb5db7d7bf29c12f8347/all-phase-ir/_jit_attention_csa_test_20260723_032646/ptoas/qr_hadamard_quant	0	TileLib daemon 'ptodsl.tilelib.serving.daemon' started (pid=36267, socket=/tmp/tilelib_daemon_36264.sock) Info: ptodsl TileLib daemon started successfully TileLib daemon stopped (pid=36267)	4	2	0	0	5	7	4	10	16	fusion_candidate_with_local_boundaries
PASS	_jit_attention_csa_test_20260723_032646/ptoas/qr_proj_matmul.pto	44	f0e0b684ff862f7d91f74178fec06ecfc0972b4b71abdb278fec5a03bd2dd2fd	artifacts/533887b4ae09635e9c7ddb5db7d7bf29c12f8347/final-vpto/_jit_attention_csa_test_20260723_032646/ptoas/qr_proj_matmul.pto.vpto.mlir	artifacts/533887b4ae09635e9c7ddb5db7d7bf29c12f8347/all-phase-ir/_jit_attention_csa_test_20260723_032646/ptoas/qr_proj_matmul	0	TileLib daemon 'ptodsl.tilelib.serving.daemon' started (pid=36318, socket=/tmp/tilelib_daemon_36315.sock) Info: ptodsl TileLib daemon started successfully TileLib daemon stopped (pid=36318)	0	2	0	0	0	0	23	4	23	hard_boundary_only
PASS	_jit_attention_csa_test_20260723_032646/ptoas/qr_proj_seed.pto	5	179ceb369fa2a3bbf1e0aa67f77fd6dc0b609e16deb0e8512241f0b0defe29e9	artifacts/533887b4ae09635e9c7ddb5db7d7bf29c12f8347/final-vpto/_jit_attention_csa_test_20260723_032646/ptoas/qr_proj_seed.pto.vpto.mlir	artifacts/533887b4ae09635e9c7ddb5db7d7bf29c12f8347/all-phase-ir/_jit_attention_csa_test_20260723_032646/ptoas/qr_proj_seed	0	TileLib daemon 'ptodsl.tilelib.serving.daemon' started (pid=36398, socket=/tmp/tilelib_daemon_36395.sock) Info: ptodsl TileLib daemon started successfully TileLib daemon stopped (pid=36398)	0	2	0	0	0	1	1	2	2	hard_boundary_only
PASS	_jit_attention_csa_test_20260723_032646/ptoas/qr_rms_norm_quant.pto	104	03d782dee6b3c02b07afc239304ea24975cf43467af534072be03119ab370e16	artifacts/533887b4ae09635e9c7ddb5db7d7bf29c12f8347/final-vpto/_jit_attention_csa_test_20260723_032646/ptoas/qr_rms_norm_quant.pto.vpto.mlir	artifacts/533887b4ae09635e9c7ddb5db7d7bf29c12f8347/all-phase-ir/_jit_attention_csa_test_20260723_032646/ptoas/qr_rms_norm_quant	0	TileLib daemon 'ptodsl.tilelib.serving.daemon' started (pid=36409, socket=/tmp/tilelib_daemon_36406.sock) Info: ptodsl TileLib daemon started successfully TileLib daemon stopped (pid=36409)	19	2	0	0	21	20	13	17	54	fusion_candidate_with_local_boundaries
PASS	_jit_attention_csa_test_20260723_032646/ptoas/qr_rope.pto	72	24e6211e8a521e4c9f148d4e564477c10d98e13745cd2ab843ad1489f4f989cb	artifacts/533887b4ae09635e9c7ddb5db7d7bf29c12f8347/final-vpto/_jit_attention_csa_test_20260723_032646/ptoas/qr_rope.pto.vpto.mlir	artifacts/533887b4ae09635e9c7ddb5db7d7bf29c12f8347/all-phase-ir/_jit_attention_csa_test_20260723_032646/ptoas/qr_rope	0	TileLib daemon 'ptodsl.tilelib.serving.daemon' started (pid=36583, socket=/tmp/tilelib_daemon_36580.sock) Info: ptodsl TileLib daemon started successfully TileLib daemon stopped (pid=36583)	19	3	0	0	19	9	10	14	38	fusion_candidate_with_local_boundaries
PASS	_jit_attention_csa_test_20260723_032646/ptoas/quant.pto	34	f52ff334321a2a993ccb24e595d2ee494ddca001241b57c68a22915716818b56	artifacts/533887b4ae09635e9c7ddb5db7d7bf29c12f8347/final-vpto/_jit_attention_csa_test_20260723_032646/ptoas/quant.pto.vpto.mlir	artifacts/533887b4ae09635e9c7ddb5db7d7bf29c12f8347/all-phase-ir/_jit_attention_csa_test_20260723_032646/ptoas/quant	0	TileLib daemon 'ptodsl.tilelib.serving.daemon' started (pid=36720, socket=/tmp/tilelib_daemon_36717.sock) Info: ptodsl TileLib daemon started successfully TileLib daemon stopped (pid=36720)	3	0	0	0	4	9	5	10	18	fusion_candidate_with_local_boundaries
PASS	_jit_attention_csa_test_20260723_032646/ptoas/rms_norm.pto	59	7269ac8b43b6087cfcf650c2fea14f35ac0865e2bee2ecab05c21d6245259382	artifacts/533887b4ae09635e9c7ddb5db7d7bf29c12f8347/final-vpto/_jit_attention_csa_test_20260723_032646/ptoas/rms_norm.pto.vpto.mlir	artifacts/533887b4ae09635e9c7ddb5db7d7bf29c12f8347/all-phase-ir/_jit_attention_csa_test_20260723_032646/ptoas/rms_norm	0	TileLib daemon 'ptodsl.tilelib.serving.daemon' started (pid=36786, socket=/tmp/tilelib_daemon_36782.sock) Info: ptodsl TileLib daemon started successfully TileLib daemon stopped (pid=36786)	12	2	0	0	13	9	8	12	30	fusion_candidate_with_local_boundaries
PASS	_jit_attention_csa_test_20260723_032646/ptoas/rmsnorm_rope.pto	104	2b569e1beb8c5e394beab1388e1fc05da9700b3d41b18cfe3256fbc20290b416	artifacts/533887b4ae09635e9c7ddb5db7d7bf29c12f8347/final-vpto/_jit_attention_csa_test_20260723_032646/ptoas/rmsnorm_rope.pto.vpto.mlir	artifacts/533887b4ae09635e9c7ddb5db7d7bf29c12f8347/all-phase-ir/_jit_attention_csa_test_20260723_032646/ptoas/rmsnorm_rope	0	TileLib daemon 'ptodsl.tilelib.serving.daemon' started (pid=36893, socket=/tmp/tilelib_daemon_36890.sock) Info: ptodsl TileLib daemon started successfully TileLib daemon stopped (pid=36893)	26	4	0	0	28	14	13	18	55	fusion_candidate_with_local_boundaries
PASS	_jit_attention_csa_test_20260723_032646/ptoas/rmsnorm_rope_cache_write.pto	109	baa66115afee1a183e07a8b8955407b629b74659851099a91a077e7b79abb276	artifacts/533887b4ae09635e9c7ddb5db7d7bf29c12f8347/final-vpto/_jit_attention_csa_test_20260723_032646/ptoas/rmsnorm_rope_cache_write.pto.vpto.mlir	artifacts/533887b4ae09635e9c7ddb5db7d7bf29c12f8347/all-phase-ir/_jit_attention_csa_test_20260723_032646/ptoas/rmsnorm_rope_cache_write	0	TileLib daemon 'ptodsl.tilelib.serving.daemon' started (pid=37067, socket=/tmp/tilelib_daemon_37064.sock) Info: ptodsl TileLib daemon started successfully TileLib daemon stopped (pid=37067)	25	6	0	0	27	14	16	18	57	fusion_candidate_with_local_boundaries
PASS	_jit_attention_csa_test_20260723_032646/ptoas/rope_cs.pto	47	9fc80ec53033dd8ae995ee7ac2b0592c744f2aeab357fbb0eafdb01b07dd3259	artifacts/533887b4ae09635e9c7ddb5db7d7bf29c12f8347/final-vpto/_jit_attention_csa_test_20260723_032646/ptoas/rope_cs.pto.vpto.mlir	artifacts/533887b4ae09635e9c7ddb5db7d7bf29c12f8347/all-phase-ir/_jit_attention_csa_test_20260723_032646/ptoas/rope_cs	0	TileLib daemon 'ptodsl.tilelib.serving.daemon' started (pid=37275, socket=/tmp/tilelib_daemon_37272.sock) Info: ptodsl TileLib daemon started successfully TileLib daemon stopped (pid=37275)	8	2	0	0	8	9	7	13	24	fusion_candidate_with_local_boundaries
PASS	_jit_attention_csa_test_20260723_032646/ptoas/scatter_softmax_pool.pto	91	a94b3a06d7f771aa1e5edff2045c23b513b28d0b3f6a8d77a2cda20e9a8987b9	artifacts/533887b4ae09635e9c7ddb5db7d7bf29c12f8347/final-vpto/_jit_attention_csa_test_20260723_032646/ptoas/scatter_softmax_pool.pto.vpto.mlir	artifacts/533887b4ae09635e9c7ddb5db7d7bf29c12f8347/all-phase-ir/_jit_attention_csa_test_20260723_032646/ptoas/scatter_softmax_pool	0	TileLib daemon 'ptodsl.tilelib.serving.daemon' started (pid=37391, socket=/tmp/tilelib_daemon_37388.sock) Info: ptodsl TileLib daemon started successfully TileLib daemon stopped (pid=37391)	29	3	0	0	29	2	17	10	48	fusion_candidate_with_local_boundaries
PASS	_jit_attention_csa_test_20260723_032646/ptoas/scatter_softmax_pool_0.pto	87	16b7f9a296469a9d3ef9aceccb96d82b207033d166bc30b256903f8790f7b8aa	artifacts/533887b4ae09635e9c7ddb5db7d7bf29c12f8347/final-vpto/_jit_attention_csa_test_20260723_032646/ptoas/scatter_softmax_pool_0.pto.vpto.mlir	artifacts/533887b4ae09635e9c7ddb5db7d7bf29c12f8347/all-phase-ir/_jit_attention_csa_test_20260723_032646/ptoas/scatter_softmax_pool_0	0	TileLib daemon 'ptodsl.tilelib.serving.daemon' started (pid=37540, socket=/tmp/tilelib_daemon_37537.sock) Info: ptodsl TileLib daemon started successfully TileLib daemon stopped (pid=37540)	29	4	0	0	29	2	17	10	48	fusion_candidate_with_local_boundaries
PASS	_jit_attention_csa_test_20260723_032646/ptoas/score_mat.pto	31	9a198a60f718e2887ff24628fd15734b5ebf70188a54ea3d9347305583d9ed08	artifacts/533887b4ae09635e9c7ddb5db7d7bf29c12f8347/final-vpto/_jit_attention_csa_test_20260723_032646/ptoas/score_mat.pto.vpto.mlir	artifacts/533887b4ae09635e9c7ddb5db7d7bf29c12f8347/all-phase-ir/_jit_attention_csa_test_20260723_032646/ptoas/score_mat	0	TileLib daemon 'ptodsl.tilelib.serving.daemon' started (pid=37694, socket=/tmp/tilelib_daemon_37691.sock) Info: ptodsl TileLib daemon started successfully TileLib daemon stopped (pid=37694)	0	1	0	0	0	0	16	4	16	hard_boundary_only
PASS	_jit_attention_csa_test_20260723_032646/ptoas/score_reduce.pto	80	966f34addf7b14d886f2bdd87658fb541bffc29a5551e9d75c5ae66fd7a37ec1	artifacts/533887b4ae09635e9c7ddb5db7d7bf29c12f8347/final-vpto/_jit_attention_csa_test_20260723_032646/ptoas/score_reduce.pto.vpto.mlir	artifacts/533887b4ae09635e9c7ddb5db7d7bf29c12f8347/all-phase-ir/_jit_attention_csa_test_20260723_032646/ptoas/score_reduce	0	TileLib daemon 'ptodsl.tilelib.serving.daemon' started (pid=37745, socket=/tmp/tilelib_daemon_37742.sock) Info: ptodsl TileLib daemon started successfully TileLib daemon stopped (pid=37745)	18	1	0	0	18	9	14	9	41	fusion_candidate_with_local_boundaries
PASS	_jit_attention_csa_test_20260723_032646/ptoas/split_pre_post.pto	51	47bc798b787da9cc5f37051e6423ec04a23f55a9585e27ebe76bf7fbaa0e0267	artifacts/533887b4ae09635e9c7ddb5db7d7bf29c12f8347/final-vpto/_jit_attention_csa_test_20260723_032646/ptoas/split_pre_post.pto.vpto.mlir	artifacts/533887b4ae09635e9c7ddb5db7d7bf29c12f8347/all-phase-ir/_jit_attention_csa_test_20260723_032646/ptoas/split_pre_post	0	TileLib daemon 'ptodsl.tilelib.serving.daemon' started (pid=37878, socket=/tmp/tilelib_daemon_37875.sock) Info: ptodsl TileLib daemon started successfully TileLib daemon stopped (pid=37878)	10	0	0	0	12	6	7	10	25	fusion_candidate_with_local_boundaries
PASS	_jit_attention_csa_test_20260723_032646/ptoas/topk.pto	34	9a280594670a49dba96498b27036a3aa2c5fc5e3ffb5225e1a7f7ad1305f07c3	artifacts/533887b4ae09635e9c7ddb5db7d7bf29c12f8347/final-vpto/_jit_attention_csa_test_20260723_032646/ptoas/topk.pto.vpto.mlir	artifacts/533887b4ae09635e9c7ddb5db7d7bf29c12f8347/all-phase-ir/_jit_attention_csa_test_20260723_032646/ptoas/topk	0	TileLib daemon 'ptodsl.tilelib.serving.daemon' started (pid=38021, socket=/tmp/tilelib_daemon_38018.sock) Info: ptodsl TileLib daemon started successfully TileLib daemon stopped (pid=38021)	1	0	0	0	1	3	11	10	15	fusion_candidate_with_local_boundaries
PASS	_jit_attention_csa_test_20260723_032646/ptoas/weights_proj.pto	33	09bd9bb3b81504fcfdd6328e3a4f82aee2dd04a960df7cd3bc6f0f035bea81dd	artifacts/533887b4ae09635e9c7ddb5db7d7bf29c12f8347/final-vpto/_jit_attention_csa_test_20260723_032646/ptoas/weights_proj.pto.vpto.mlir	artifacts/533887b4ae09635e9c7ddb5db7d7bf29c12f8347/all-phase-ir/_jit_attention_csa_test_20260723_032646/ptoas/weights_proj	0	TileLib daemon 'ptodsl.tilelib.serving.daemon' started (pid=38077, socket=/tmp/tilelib_daemon_38074.sock) Info: ptodsl TileLib daemon started successfully TileLib daemon stopped (pid=38077)	0	1	0	0	0	0	15	4	15	hard_boundary_only
PASS	_jit_attention_csa_test_20260723_032646/ptoas/weights_proj_reduce.pto	21	ca42bde47e674a8c669c063f2689c91b6b958b6ca8cadd069e5d71eeb8ecd497	artifacts/533887b4ae09635e9c7ddb5db7d7bf29c12f8347/final-vpto/_jit_attention_csa_test_20260723_032646/ptoas/weights_proj_reduce.pto.vpto.mlir	artifacts/533887b4ae09635e9c7ddb5db7d7bf29c12f8347/all-phase-ir/_jit_attention_csa_test_20260723_032646/ptoas/weights_proj_reduce	0	TileLib daemon 'ptodsl.tilelib.serving.daemon' started (pid=38134, socket=/tmp/tilelib_daemon_38129.sock) Info: ptodsl TileLib daemon started successfully TileLib daemon stopped (pid=38134)	4	0	0	0	4	0	5	4	9	fusion_candidate_clean
PASS	_jit_prefill_attention_csa_test_20260723_031246/ptoas/build_bias.pto	36	6e6a5eb5bc58a351255d0ca1f709cd7c8ad1a3aebccbfd033f7c42fa3f20bce4	artifacts/533887b4ae09635e9c7ddb5db7d7bf29c12f8347/final-vpto/_jit_prefill_attention_csa_test_20260723_031246/ptoas/build_bias.pto.vpto.mlir	artifacts/533887b4ae09635e9c7ddb5db7d7bf29c12f8347/all-phase-ir/_jit_prefill_attention_csa_test_20260723_031246/ptoas/build_bias	0	TileLib daemon 'ptodsl.tilelib.serving.daemon' started (pid=38165, socket=/tmp/tilelib_daemon_38162.sock) Info: ptodsl TileLib daemon started successfully TileLib daemon stopped (pid=38165)	8	0	0	0	8	4	4	8	16	fusion_candidate_with_local_boundaries
PASS	_jit_prefill_attention_csa_test_20260723_031246/ptoas/comb_sinkhorn.pto	277	4e85066f7d89bd3f7a308ad1423efdfccf458b118c30e34766fdee6909ff1f65	artifacts/533887b4ae09635e9c7ddb5db7d7bf29c12f8347/final-vpto/_jit_prefill_attention_csa_test_20260723_031246/ptoas/comb_sinkhorn.pto.vpto.mlir	artifacts/533887b4ae09635e9c7ddb5db7d7bf29c12f8347/all-phase-ir/_jit_prefill_attention_csa_test_20260723_031246/ptoas/comb_sinkhorn	0	TileLib daemon 'ptodsl.tilelib.serving.daemon' started (pid=38232, socket=/tmp/tilelib_daemon_38229.sock) Info: ptodsl TileLib daemon started successfully TileLib daemon stopped (pid=38232)	56	1	0	0	56	52	21	14	129	fusion_candidate_with_local_boundaries
PASS	_jit_prefill_attention_csa_test_20260723_031246/ptoas/gather_kv.pto	15	3a35a1f3f1525262fdce25deba47163955ea95afa80f5123856b88414af197e8	artifacts/533887b4ae09635e9c7ddb5db7d7bf29c12f8347/final-vpto/_jit_prefill_attention_csa_test_20260723_031246/ptoas/gather_kv.pto.vpto.mlir	artifacts/533887b4ae09635e9c7ddb5db7d7bf29c12f8347/all-phase-ir/_jit_prefill_attention_csa_test_20260723_031246/ptoas/gather_kv	0	TileLib daemon 'ptodsl.tilelib.serving.daemon' started (pid=38701, socket=/tmp/tilelib_daemon_38698.sock) Info: ptodsl TileLib daemon started successfully TileLib daemon stopped (pid=38701)	2	2	0	0	2	1	3	4	6	fusion_candidate_with_local_boundaries
PASS	_jit_prefill_attention_csa_test_20260723_031246/ptoas/hc_post_inactive_pad.pto	7	49c3e572f4466710fd70feba789682144cb0336267243720ae8ae398f7676093	artifacts/533887b4ae09635e9c7ddb5db7d7bf29c12f8347/final-vpto/_jit_prefill_attention_csa_test_20260723_031246/ptoas/hc_post_inactive_pad.pto.vpto.mlir	artifacts/533887b4ae09635e9c7ddb5db7d7bf29c12f8347/all-phase-ir/_jit_prefill_attention_csa_test_20260723_031246/ptoas/hc_post_inactive_pad	0	TileLib daemon 'ptodsl.tilelib.serving.daemon' started (pid=38722, socket=/tmp/tilelib_daemon_38719.sock) Info: ptodsl TileLib daemon started successfully TileLib daemon stopped (pid=38722)	0	2	0	0	0	1	1	2	2	hard_boundary_only
PASS	_jit_prefill_attention_csa_test_20260723_031246/ptoas/hc_post_prefill.pto	114	2e5f24f73e2c289d30e2ac94fd51e3e6499c2cee151f76f4fa14430abf08a3cb	artifacts/533887b4ae09635e9c7ddb5db7d7bf29c12f8347/final-vpto/_jit_prefill_attention_csa_test_20260723_031246/ptoas/hc_post_prefill.pto.vpto.mlir	artifacts/533887b4ae09635e9c7ddb5db7d7bf29c12f8347/all-phase-ir/_jit_prefill_attention_csa_test_20260723_031246/ptoas/hc_post_prefill	0	TileLib daemon 'ptodsl.tilelib.serving.daemon' started (pid=38742, socket=/tmp/tilelib_daemon_38739.sock) Info: ptodsl TileLib daemon started successfully TileLib daemon stopped (pid=38742)	27	1	0	0	27	3	18	5	48	fusion_candidate_with_local_boundaries
PASS	_jit_prefill_attention_csa_test_20260723_031246/ptoas/hc_pre_linear.pto	32	c3341cc91f4ab3da661bddb644f23f697e9c84b69d3580d191c304896b85a4b2	artifacts/533887b4ae09635e9c7ddb5db7d7bf29c12f8347/final-vpto/_jit_prefill_attention_csa_test_20260723_031246/ptoas/hc_pre_linear.pto.vpto.mlir	artifacts/533887b4ae09635e9c7ddb5db7d7bf29c12f8347/all-phase-ir/_jit_prefill_attention_csa_test_20260723_031246/ptoas/hc_pre_linear	0	TileLib daemon 'ptodsl.tilelib.serving.daemon' started (pid=38927, socket=/tmp/tilelib_daemon_38924.sock) Info: ptodsl TileLib daemon started successfully TileLib daemon stopped (pid=38927)	0	1	0	0	0	0	14	4	14	hard_boundary_only
PASS	_jit_prefill_attention_csa_test_20260723_031246/ptoas/hc_pre_rms.pto	47	539764fc9462855b9c3ce233d78fbdf308477c4b0abffe247abc6d2d0d1e49a6	artifacts/533887b4ae09635e9c7ddb5db7d7bf29c12f8347/final-vpto/_jit_prefill_attention_csa_test_20260723_031246/ptoas/hc_pre_rms.pto.vpto.mlir	artifacts/533887b4ae09635e9c7ddb5db7d7bf29c12f8347/all-phase-ir/_jit_prefill_attention_csa_test_20260723_031246/ptoas/hc_pre_rms	0	TileLib daemon 'ptodsl.tilelib.serving.daemon' started (pid=38988, socket=/tmp/tilelib_daemon_38985.sock) Info: ptodsl TileLib daemon started successfully TileLib daemon stopped (pid=38988)	14	1	0	0	15	1	5	9	21	fusion_candidate_with_local_boundaries
PASS	_jit_prefill_attention_csa_test_20260723_031246/ptoas/hc_pre_seed.pto	6	d6218d22a604877e07935109107587f4fcc3a119f88a1fd63ad1b0ad1c8f0cc9	artifacts/533887b4ae09635e9c7ddb5db7d7bf29c12f8347/final-vpto/_jit_prefill_attention_csa_test_20260723_031246/ptoas/hc_pre_seed.pto.vpto.mlir	artifacts/533887b4ae09635e9c7ddb5db7d7bf29c12f8347/all-phase-ir/_jit_prefill_attention_csa_test_20260723_031246/ptoas/hc_pre_seed	0	TileLib daemon 'ptodsl.tilelib.serving.daemon' started (pid=39064, socket=/tmp/tilelib_daemon_39061.sock) Info: ptodsl TileLib daemon started successfully TileLib daemon stopped (pid=39064)	0	1	0	0	0	1	1	2	2	hard_boundary_only
PASS	_jit_prefill_attention_csa_test_20260723_031246/ptoas/kv_proj_matmul.pto	51	a194b79e1f44ec7f432b38b85214acf06b4d6c16dd11aa7ada7f16821d5a00a4	artifacts/533887b4ae09635e9c7ddb5db7d7bf29c12f8347/final-vpto/_jit_prefill_attention_csa_test_20260723_031246/ptoas/kv_proj_matmul.pto.vpto.mlir	artifacts/533887b4ae09635e9c7ddb5db7d7bf29c12f8347/all-phase-ir/_jit_prefill_attention_csa_test_20260723_031246/ptoas/kv_proj_matmul	0	TileLib daemon 'ptodsl.tilelib.serving.daemon' started (pid=39077, socket=/tmp/tilelib_daemon_39074.sock) Info: ptodsl TileLib daemon started successfully TileLib daemon stopped (pid=39077)	0	2	0	0	0	0	23	4	23	hard_boundary_only
PASS	_jit_prefill_attention_csa_test_20260723_031246/ptoas/kv_proj_seed.pto	6	0ea07b4748d12ab3c8f8d588f11c2c6def1519b5bc354261b5d8c4fee1e2b56a	artifacts/533887b4ae09635e9c7ddb5db7d7bf29c12f8347/final-vpto/_jit_prefill_attention_csa_test_20260723_031246/ptoas/kv_proj_seed.pto.vpto.mlir	artifacts/533887b4ae09635e9c7ddb5db7d7bf29c12f8347/all-phase-ir/_jit_prefill_attention_csa_test_20260723_031246/ptoas/kv_proj_seed	0	TileLib daemon 'ptodsl.tilelib.serving.daemon' started (pid=39154, socket=/tmp/tilelib_daemon_39151.sock) Info: ptodsl TileLib daemon started successfully TileLib daemon stopped (pid=39154)	0	2	0	0	0	1	1	2	2	hard_boundary_only
PASS	_jit_prefill_attention_csa_test_20260723_031246/ptoas/kv_rms_norm_rope.pto	150	67eae6bf0545efc70dc58cdc0b87a557dc2a4d874161bab3fe358f528095311d	artifacts/533887b4ae09635e9c7ddb5db7d7bf29c12f8347/final-vpto/_jit_prefill_attention_csa_test_20260723_031246/ptoas/kv_rms_norm_rope.pto.vpto.mlir	artifacts/533887b4ae09635e9c7ddb5db7d7bf29c12f8347/all-phase-ir/_jit_prefill_attention_csa_test_20260723_031246/ptoas/kv_rms_norm_rope	0	TileLib daemon 'ptodsl.tilelib.serving.daemon' started (pid=39166, socket=/tmp/tilelib_daemon_39163.sock) Info: ptodsl TileLib daemon started successfully TileLib daemon stopped (pid=39166)	31	5	0	0	32	18	20	17	70	fusion_candidate_with_local_boundaries
PASS	_jit_prefill_attention_csa_test_20260723_031246/ptoas/merge_norm.pto	69	c66de5bd5bcb363f6a0668cc5eab0ec1c36745a9be91cd62450b164c19dbc45d	artifacts/533887b4ae09635e9c7ddb5db7d7bf29c12f8347/final-vpto/_jit_prefill_attention_csa_test_20260723_031246/ptoas/merge_norm.pto.vpto.mlir	artifacts/533887b4ae09635e9c7ddb5db7d7bf29c12f8347/all-phase-ir/_jit_prefill_attention_csa_test_20260723_031246/ptoas/merge_norm	0	TileLib daemon 'ptodsl.tilelib.serving.daemon' started (pid=39404, socket=/tmp/tilelib_daemon_39403.sock) Info: ptodsl TileLib daemon started successfully TileLib daemon stopped (pid=39404)	16	3	0	0	16	7	9	12	32	fusion_candidate_with_local_boundaries
PASS	_jit_prefill_attention_csa_test_20260723_031246/ptoas/mix_x.pto	60	c5b4112fa7cee447123771fae2a3be6d812b45cf881e5a6efbc8472cfe7baf87	artifacts/533887b4ae09635e9c7ddb5db7d7bf29c12f8347/final-vpto/_jit_prefill_attention_csa_test_20260723_031246/ptoas/mix_x.pto.vpto.mlir	artifacts/533887b4ae09635e9c7ddb5db7d7bf29c12f8347/all-phase-ir/_jit_prefill_attention_csa_test_20260723_031246/ptoas/mix_x	0	TileLib daemon 'ptodsl.tilelib.serving.daemon' started (pid=39571, socket=/tmp/tilelib_daemon_39568.sock) Info: ptodsl TileLib daemon started successfully TileLib daemon stopped (pid=39571)	8	1	0	0	8	9	11	6	28	fusion_candidate_with_local_boundaries
PASS	_jit_prefill_attention_csa_test_20260723_031246/ptoas/prefill_c4_cache_write.pto	12	09b69f3cf1030c15f8c91ef74d421876d212c0fabb4db4ff54d411888fcc153d	artifacts/533887b4ae09635e9c7ddb5db7d7bf29c12f8347/final-vpto/_jit_prefill_attention_csa_test_20260723_031246/ptoas/prefill_c4_cache_write.pto.vpto.mlir	artifacts/533887b4ae09635e9c7ddb5db7d7bf29c12f8347/all-phase-ir/_jit_prefill_attention_csa_test_20260723_031246/ptoas/prefill_c4_cache_write	0	TileLib daemon 'ptodsl.tilelib.serving.daemon' started (pid=39685, socket=/tmp/tilelib_daemon_39682.sock) Info: ptodsl TileLib daemon started successfully TileLib daemon stopped (pid=39685)	1	1	0	0	1	0	4	3	5	fusion_candidate_clean
PASS	_jit_prefill_attention_csa_test_20260723_031246/ptoas/prefill_c4_kv_score_proj.pto	104	6831feacecaf7311cf8f88e85e2ef310ccdaaafc230fa23fc901b8c3ef532138	artifacts/533887b4ae09635e9c7ddb5db7d7bf29c12f8347/final-vpto/_jit_prefill_attention_csa_test_20260723_031246/ptoas/prefill_c4_kv_score_proj.pto.vpto.mlir	artifacts/533887b4ae09635e9c7ddb5db7d7bf29c12f8347/all-phase-ir/_jit_prefill_attention_csa_test_20260723_031246/ptoas/prefill_c4_kv_score_proj	0	TileLib daemon 'ptodsl.tilelib.serving.daemon' started (pid=39703, socket=/tmp/tilelib_daemon_39700.sock) Info: ptodsl TileLib daemon started successfully TileLib daemon stopped (pid=39703)	0	7	0	0	0	0	46	4	46	hard_boundary_only
PASS	_jit_prefill_attention_csa_test_20260723_031246/ptoas/prefill_c4_rmsnorm_rope.pto	116	32612b94051bcddcce4b6e885f23cb541ae6744e51f10c8b857e35204fa7122d	artifacts/533887b4ae09635e9c7ddb5db7d7bf29c12f8347/final-vpto/_jit_prefill_attention_csa_test_20260723_031246/ptoas/prefill_c4_rmsnorm_rope.pto.vpto.mlir	artifacts/533887b4ae09635e9c7ddb5db7d7bf29c12f8347/all-phase-ir/_jit_prefill_attention_csa_test_20260723_031246/ptoas/prefill_c4_rmsnorm_rope	0	TileLib daemon 'ptodsl.tilelib.serving.daemon' started (pid=39944, socket=/tmp/tilelib_daemon_39941.sock) Info: ptodsl TileLib daemon started successfully TileLib daemon stopped (pid=39944)	24	6	0	0	26	16	13	18	55	fusion_candidate_with_local_boundaries
PASS	_jit_prefill_attention_csa_test_20260723_031246/ptoas/prefill_c4_softmax_pool.pto	80	45b3668167eda5285c47cac6a610b7dea8f17d05717cbbeee4fd79371c8472a9	artifacts/533887b4ae09635e9c7ddb5db7d7bf29c12f8347/final-vpto/_jit_prefill_attention_csa_test_20260723_031246/ptoas/prefill_c4_softmax_pool.pto.vpto.mlir	artifacts/533887b4ae09635e9c7ddb5db7d7bf29c12f8347/all-phase-ir/_jit_prefill_attention_csa_test_20260723_031246/ptoas/prefill_c4_softmax_pool	0	TileLib daemon 'ptodsl.tilelib.serving.daemon' started (pid=40168, socket=/tmp/tilelib_daemon_40164.sock) Info: ptodsl TileLib daemon started successfully TileLib daemon stopped (pid=40168)	30	3	0	0	30	5	9	10	44	fusion_candidate_with_local_boundaries
PASS	_jit_prefill_attention_csa_test_20260723_031246/ptoas/prefill_c4_state_update.pto	20	1de6355443229af7016e133f575fa684972b78354f1fef5cd8701b61ceb3870a	artifacts/533887b4ae09635e9c7ddb5db7d7bf29c12f8347/final-vpto/_jit_prefill_attention_csa_test_20260723_031246/ptoas/prefill_c4_state_update.pto.vpto.mlir	artifacts/533887b4ae09635e9c7ddb5db7d7bf29c12f8347/all-phase-ir/_jit_prefill_attention_csa_test_20260723_031246/ptoas/prefill_c4_state_update	0	TileLib daemon 'ptodsl.tilelib.serving.daemon' started (pid=40307, socket=/tmp/tilelib_daemon_40304.sock) Info: ptodsl TileLib daemon started successfully TileLib daemon stopped (pid=40307)	4	1	0	0	4	0	6	4	10	fusion_candidate_clean
PASS	_jit_prefill_attention_csa_test_20260723_031246/ptoas/prefill_c4_write_map.pto	9	6936057004b186aa5ce76f3ee7c3aec093acc5f870dc6f182b0a261c2ce8c4c7	artifacts/533887b4ae09635e9c7ddb5db7d7bf29c12f8347/final-vpto/_jit_prefill_attention_csa_test_20260723_031246/ptoas/prefill_c4_write_map.pto.vpto.mlir	artifacts/533887b4ae09635e9c7ddb5db7d7bf29c12f8347/all-phase-ir/_jit_prefill_attention_csa_test_20260723_031246/ptoas/prefill_c4_write_map	0	TileLib daemon 'ptodsl.tilelib.serving.daemon' started (pid=40338, socket=/tmp/tilelib_daemon_40335.sock) Info: ptodsl TileLib daemon started successfully TileLib daemon stopped (pid=40338)	0	1	0	0	0	2	2	3	6	hard_boundary_only
PASS	_jit_prefill_attention_csa_test_20260723_031246/ptoas/prefill_csa_cache_write.pto	5	cb58158124c99dbf480063c341f29a0a4ca48f1dd575416cf32528d50436cf79	artifacts/533887b4ae09635e9c7ddb5db7d7bf29c12f8347/final-vpto/_jit_prefill_attention_csa_test_20260723_031246/ptoas/prefill_csa_cache_write.pto.vpto.mlir	artifacts/533887b4ae09635e9c7ddb5db7d7bf29c12f8347/all-phase-ir/_jit_prefill_attention_csa_test_20260723_031246/ptoas/prefill_csa_cache_write	0	TileLib daemon 'ptodsl.tilelib.serving.daemon' started (pid=40357, socket=/tmp/tilelib_daemon_40354.sock) Info: ptodsl TileLib daemon started successfully TileLib daemon stopped (pid=40357)	0	1	0	0	0	0	2	2	2	hard_boundary_only
PASS	_jit_prefill_attention_csa_test_20260723_031246/ptoas/prefill_csa_idx_halfrope.pto	12	4ef95c46120c2c9a85beb00aa94dfc2dee46131772f88a302c29d10f94a319b9	artifacts/533887b4ae09635e9c7ddb5db7d7bf29c12f8347/final-vpto/_jit_prefill_attention_csa_test_20260723_031246/ptoas/prefill_csa_idx_halfrope.pto.vpto.mlir	artifacts/533887b4ae09635e9c7ddb5db7d7bf29c12f8347/all-phase-ir/_jit_prefill_attention_csa_test_20260723_031246/ptoas/prefill_csa_idx_halfrope	0	TileLib daemon 'ptodsl.tilelib.serving.daemon' started (pid=40368, socket=/tmp/tilelib_daemon_40365.sock) Info: ptodsl TileLib daemon started successfully TileLib daemon stopped (pid=40368)	0	1	0	0	0	2	4	3	6	hard_boundary_only
PASS	_jit_prefill_attention_csa_test_20260723_031246/ptoas/prefill_csa_sparse_idx_tile.pto	8	8c303deac4f283fafb77c71d4cc757b69efe379f504382cd09152a4ae82dc9eb	artifacts/533887b4ae09635e9c7ddb5db7d7bf29c12f8347/final-vpto/_jit_prefill_attention_csa_test_20260723_031246/ptoas/prefill_csa_sparse_idx_tile.pto.vpto.mlir	artifacts/533887b4ae09635e9c7ddb5db7d7bf29c12f8347/all-phase-ir/_jit_prefill_attention_csa_test_20260723_031246/ptoas/prefill_csa_sparse_idx_tile	0	TileLib daemon 'ptodsl.tilelib.serving.daemon' started (pid=40392, socket=/tmp/tilelib_daemon_40389.sock) Info: ptodsl TileLib daemon started successfully TileLib daemon stopped (pid=40392)	0	3	0	0	0	2	2	3	6	hard_boundary_only
PASS	_jit_prefill_attention_csa_test_20260723_031246/ptoas/prefill_idx_c4_cache_write.pto	34	cc6b7490b441701f96b35c6683f8339ed077c52523c21615b275cf283d1362c2	artifacts/533887b4ae09635e9c7ddb5db7d7bf29c12f8347/final-vpto/_jit_prefill_attention_csa_test_20260723_031246/ptoas/prefill_idx_c4_cache_write.pto.vpto.mlir	artifacts/533887b4ae09635e9c7ddb5db7d7bf29c12f8347/all-phase-ir/_jit_prefill_attention_csa_test_20260723_031246/ptoas/prefill_idx_c4_cache_write	0	TileLib daemon 'ptodsl.tilelib.serving.daemon' started (pid=40410, socket=/tmp/tilelib_daemon_40407.sock) Info: ptodsl TileLib daemon started successfully TileLib daemon stopped (pid=40410)	4	1	0	0	5	8	4	11	18	fusion_candidate_with_local_boundaries
PASS	_jit_prefill_attention_csa_test_20260723_031246/ptoas/prefill_idx_c4_kv_hadamard.pto	12	c429fe2864cc965524b962cf058c870734bbce23e3633810dfed687bdba09e7a	artifacts/533887b4ae09635e9c7ddb5db7d7bf29c12f8347/final-vpto/_jit_prefill_attention_csa_test_20260723_031246/ptoas/prefill_idx_c4_kv_hadamard.pto.vpto.mlir	artifacts/533887b4ae09635e9c7ddb5db7d7bf29c12f8347/all-phase-ir/_jit_prefill_attention_csa_test_20260723_031246/ptoas/prefill_idx_c4_kv_hadamard	0	TileLib daemon 'ptodsl.tilelib.serving.daemon' started (pid=40466, socket=/tmp/tilelib_daemon_40462.sock) Info: ptodsl TileLib daemon started successfully TileLib daemon stopped (pid=40466)	0	1	0	0	0	0	6	4	6	hard_boundary_only
PASS	_jit_prefill_attention_csa_test_20260723_031246/ptoas/prefill_idx_c4_kv_score_proj.pto	94	28bcb3e00d735a5f817ae2af793a0dca8cc5d01444d18430a270765883fb7bb8	artifacts/533887b4ae09635e9c7ddb5db7d7bf29c12f8347/final-vpto/_jit_prefill_attention_csa_test_20260723_031246/ptoas/prefill_idx_c4_kv_score_proj.pto.vpto.mlir	artifacts/533887b4ae09635e9c7ddb5db7d7bf29c12f8347/all-phase-ir/_jit_prefill_attention_csa_test_20260723_031246/ptoas/prefill_idx_c4_kv_score_proj	0	TileLib daemon 'ptodsl.tilelib.serving.daemon' started (pid=40493, socket=/tmp/tilelib_daemon_40486.sock) Info: ptodsl TileLib daemon started successfully TileLib daemon stopped (pid=40493)	0	7	0	0	0	0	46	4	46	hard_boundary_only
PASS	_jit_prefill_attention_csa_test_20260723_031246/ptoas/prefill_idx_c4_rmsnorm_rope.pto	120	b9802f691ae6b79d139d61b7dbd57154fcb1d2ee8f3cd1b0785b24e7108d6282	artifacts/533887b4ae09635e9c7ddb5db7d7bf29c12f8347/final-vpto/_jit_prefill_attention_csa_test_20260723_031246/ptoas/prefill_idx_c4_rmsnorm_rope.pto.vpto.mlir	artifacts/533887b4ae09635e9c7ddb5db7d7bf29c12f8347/all-phase-ir/_jit_prefill_attention_csa_test_20260723_031246/ptoas/prefill_idx_c4_rmsnorm_rope	0	TileLib daemon 'ptodsl.tilelib.serving.daemon' started (pid=40681, socket=/tmp/tilelib_daemon_40678.sock) Info: ptodsl TileLib daemon started successfully TileLib daemon stopped (pid=40681)	26	5	0	0	28	16	13	18	57	fusion_candidate_with_local_boundaries
PASS	_jit_prefill_attention_csa_test_20260723_031246/ptoas/prefill_idx_c4_softmax_pool.pto	111	03fa5f18464026dc078f5dcf3b2b0a3131bc641bdaf974c62949d40553316f9b	artifacts/533887b4ae09635e9c7ddb5db7d7bf29c12f8347/final-vpto/_jit_prefill_attention_csa_test_20260723_031246/ptoas/prefill_idx_c4_softmax_pool.pto.vpto.mlir	artifacts/533887b4ae09635e9c7ddb5db7d7bf29c12f8347/all-phase-ir/_jit_prefill_attention_csa_test_20260723_031246/ptoas/prefill_idx_c4_softmax_pool	0	TileLib daemon 'ptodsl.tilelib.serving.daemon' started (pid=40896, socket=/tmp/tilelib_daemon_40892.sock) Info: ptodsl TileLib daemon started successfully TileLib daemon stopped (pid=40896)	33	3	0	0	33	5	12	10	50	fusion_candidate_with_local_boundaries
PASS	_jit_prefill_attention_csa_test_20260723_031246/ptoas/prefill_idx_c4_state_update.pto	22	d77d2f29e664513e2a8c0f1665fd387ca97e1706a34b10abf3c04ef9341352f9	artifacts/533887b4ae09635e9c7ddb5db7d7bf29c12f8347/final-vpto/_jit_prefill_attention_csa_test_20260723_031246/ptoas/prefill_idx_c4_state_update.pto.vpto.mlir	artifacts/533887b4ae09635e9c7ddb5db7d7bf29c12f8347/all-phase-ir/_jit_prefill_attention_csa_test_20260723_031246/ptoas/prefill_idx_c4_state_update	0	TileLib daemon 'ptodsl.tilelib.serving.daemon' started (pid=41077, socket=/tmp/tilelib_daemon_41074.sock) Info: ptodsl TileLib daemon started successfully TileLib daemon stopped (pid=41077)	4	0	0	0	4	0	6	4	10	fusion_candidate_clean
PASS	_jit_prefill_attention_csa_test_20260723_031246/ptoas/prefill_idx_c4_write_map.pto	10	a037b5d4e1ef963ad081a7ac910fe1b4efe2aaaf6d9dd092e9db2605f614692c	artifacts/533887b4ae09635e9c7ddb5db7d7bf29c12f8347/final-vpto/_jit_prefill_attention_csa_test_20260723_031246/ptoas/prefill_idx_c4_write_map.pto.vpto.mlir	artifacts/533887b4ae09635e9c7ddb5db7d7bf29c12f8347/all-phase-ir/_jit_prefill_attention_csa_test_20260723_031246/ptoas/prefill_idx_c4_write_map	0	TileLib daemon 'ptodsl.tilelib.serving.daemon' started (pid=41110, socket=/tmp/tilelib_daemon_41109.sock) Info: ptodsl TileLib daemon started successfully TileLib daemon stopped (pid=41110)	0	1	0	0	0	2	2	3	6	hard_boundary_only
PASS	_jit_prefill_attention_csa_test_20260723_031246/ptoas/prefill_idx_qr_hadamard_quant.pto	53	fc0e938f5d58fc90b7979dcc1736bb47cc289889daa6af2227119346e65efad7	artifacts/533887b4ae09635e9c7ddb5db7d7bf29c12f8347/final-vpto/_jit_prefill_attention_csa_test_20260723_031246/ptoas/prefill_idx_qr_hadamard_quant.pto.vpto.mlir	artifacts/533887b4ae09635e9c7ddb5db7d7bf29c12f8347/all-phase-ir/_jit_prefill_attention_csa_test_20260723_031246/ptoas/prefill_idx_qr_hadamard_quant	0	TileLib daemon 'ptodsl.tilelib.serving.daemon' started (pid=41130, socket=/tmp/tilelib_daemon_41127.sock) Info: ptodsl TileLib daemon started successfully TileLib daemon stopped (pid=41130)	5	6	0	0	6	8	12	18	35	fusion_candidate_with_local_boundaries
PASS	_jit_prefill_attention_csa_test_20260723_031246/ptoas/prefill_idx_qr_proj.pto	39	04c5731f9feeee1d6eed8edffee0f2c922e69b7c4d61ed8abd0b0ae4040bd6e5	artifacts/533887b4ae09635e9c7ddb5db7d7bf29c12f8347/final-vpto/_jit_prefill_attention_csa_test_20260723_031246/ptoas/prefill_idx_qr_proj.pto.vpto.mlir	artifacts/533887b4ae09635e9c7ddb5db7d7bf29c12f8347/all-phase-ir/_jit_prefill_attention_csa_test_20260723_031246/ptoas/prefill_idx_qr_proj	0	TileLib daemon 'ptodsl.tilelib.serving.daemon' started (pid=41225, socket=/tmp/tilelib_daemon_41219.sock) Info: ptodsl TileLib daemon started successfully TileLib daemon stopped (pid=41225)	1	3	0	0	1	2	16	10	22	fusion_candidate_with_local_boundaries
PASS	_jit_prefill_attention_csa_test_20260723_031246/ptoas/prefill_idx_qr_rope.pto	78	c891b08c56ea0488e9961bafe6de9d55fe9ea83ed9e5af2df82c3d8cff2601a3	artifacts/533887b4ae09635e9c7ddb5db7d7bf29c12f8347/final-vpto/_jit_prefill_attention_csa_test_20260723_031246/ptoas/prefill_idx_qr_rope.pto.vpto.mlir	artifacts/533887b4ae09635e9c7ddb5db7d7bf29c12f8347/all-phase-ir/_jit_prefill_attention_csa_test_20260723_031246/ptoas/prefill_idx_qr_rope	0	TileLib daemon 'ptodsl.tilelib.serving.daemon' started (pid=41285, socket=/tmp/tilelib_daemon_41282.sock) Info: ptodsl TileLib daemon started successfully TileLib daemon stopped (pid=41285)	18	4	0	0	18	9	8	14	35	fusion_candidate_with_local_boundaries
PASS	_jit_prefill_attention_csa_test_20260723_031246/ptoas/prefill_idx_score.pto	39	b7529b8aa53e4a999f58927b871a95cf97d02035e110199e10d2a5096941328b	artifacts/533887b4ae09635e9c7ddb5db7d7bf29c12f8347/final-vpto/_jit_prefill_attention_csa_test_20260723_031246/ptoas/prefill_idx_score.pto.vpto.mlir	artifacts/533887b4ae09635e9c7ddb5db7d7bf29c12f8347/all-phase-ir/_jit_prefill_attention_csa_test_20260723_031246/ptoas/prefill_idx_score	0	TileLib daemon 'ptodsl.tilelib.serving.daemon' started (pid=41410, socket=/tmp/tilelib_daemon_41409.sock) Info: ptodsl TileLib daemon started successfully TileLib daemon stopped (pid=41410)	6	4	0	0	6	3	10	15	22	fusion_candidate_with_local_boundaries
PASS	_jit_prefill_attention_csa_test_20260723_031246/ptoas/prefill_idx_score_init.pto	6	2314477f0dd19596755ada42f25558e84351fae0465e2dd1905d4b029e469e70	artifacts/533887b4ae09635e9c7ddb5db7d7bf29c12f8347/final-vpto/_jit_prefill_attention_csa_test_20260723_031246/ptoas/prefill_idx_score_init.pto.vpto.mlir	artifacts/533887b4ae09635e9c7ddb5db7d7bf29c12f8347/all-phase-ir/_jit_prefill_attention_csa_test_20260723_031246/ptoas/prefill_idx_score_init	0	TileLib daemon 'ptodsl.tilelib.serving.daemon' started (pid=41475, socket=/tmp/tilelib_daemon_41472.sock) Info: ptodsl TileLib daemon started successfully TileLib daemon stopped (pid=41475)	0	0	0	0	0	1	1	2	2	hard_boundary_only
PASS	_jit_prefill_attention_csa_test_20260723_031246/ptoas/prefill_idx_score_out.pto	6	20f6bd39faf527d7b5b254c2e6c67825be86839b02b6b90268d694a9a7d5b8a8	artifacts/533887b4ae09635e9c7ddb5db7d7bf29c12f8347/final-vpto/_jit_prefill_attention_csa_test_20260723_031246/ptoas/prefill_idx_score_out.pto.vpto.mlir	artifacts/533887b4ae09635e9c7ddb5db7d7bf29c12f8347/all-phase-ir/_jit_prefill_attention_csa_test_20260723_031246/ptoas/prefill_idx_score_out	0	TileLib daemon 'ptodsl.tilelib.serving.daemon' started (pid=41486, socket=/tmp/tilelib_daemon_41483.sock) Info: ptodsl TileLib daemon started successfully TileLib daemon stopped (pid=41486)	0	0	0	0	0	0	2	2	2	hard_boundary_only
PASS	_jit_prefill_attention_csa_test_20260723_031246/ptoas/prefill_idx_topk.pto	25	262e08353076909f1a0b4db722f550402c60c18628e744455b4b24acc86fc185	artifacts/533887b4ae09635e9c7ddb5db7d7bf29c12f8347/final-vpto/_jit_prefill_attention_csa_test_20260723_031246/ptoas/prefill_idx_topk.pto.vpto.mlir	artifacts/533887b4ae09635e9c7ddb5db7d7bf29c12f8347/all-phase-ir/_jit_prefill_attention_csa_test_20260723_031246/ptoas/prefill_idx_topk	0	TileLib daemon 'ptodsl.tilelib.serving.daemon' started (pid=41495, socket=/tmp/tilelib_daemon_41492.sock) Info: ptodsl TileLib daemon started successfully TileLib daemon stopped (pid=41495)	0	1	0	0	0	1	9	7	10	hard_boundary_only
PASS	_jit_prefill_attention_csa_test_20260723_031246/ptoas/prefill_idx_weights_proj.pto	32	d19d3be76f1903c719db8ac9e6da61f692d12ed1c5622bd2308be0bca9a44dd0	artifacts/533887b4ae09635e9c7ddb5db7d7bf29c12f8347/final-vpto/_jit_prefill_attention_csa_test_20260723_031246/ptoas/prefill_idx_weights_proj.pto.vpto.mlir	artifacts/533887b4ae09635e9c7ddb5db7d7bf29c12f8347/all-phase-ir/_jit_prefill_attention_csa_test_20260723_031246/ptoas/prefill_idx_weights_proj	0	TileLib daemon 'ptodsl.tilelib.serving.daemon' started (pid=41540, socket=/tmp/tilelib_daemon_41537.sock) Info: ptodsl TileLib daemon started successfully TileLib daemon stopped (pid=41540)	1	1	0	0	1	0	14	8	18	fusion_candidate_clean
PASS	_jit_prefill_attention_csa_test_20260723_031246/ptoas/proj_a_mm.pto	74	82c9451a95c763fd7af4ec46611c6f57b68eef9150a47758deb54240a8e29b34	artifacts/533887b4ae09635e9c7ddb5db7d7bf29c12f8347/final-vpto/_jit_prefill_attention_csa_test_20260723_031246/ptoas/proj_a_mm.pto.vpto.mlir	artifacts/533887b4ae09635e9c7ddb5db7d7bf29c12f8347/all-phase-ir/_jit_prefill_attention_csa_test_20260723_031246/ptoas/proj_a_mm	0	TileLib daemon 'ptodsl.tilelib.serving.daemon' started (pid=41591, socket=/tmp/tilelib_daemon_41587.sock) Info: ptodsl TileLib daemon started successfully TileLib daemon stopped (pid=41591)	0	1	0	0	0	0	33	4	33	hard_boundary_only
PASS	_jit_prefill_attention_csa_test_20260723_031246/ptoas/proj_b_act.pto	25	1ed348991556a08239d4ad52cbd63f5de37f16dfb4bdb749d691879dd2cfac3b	artifacts/533887b4ae09635e9c7ddb5db7d7bf29c12f8347/final-vpto/_jit_prefill_attention_csa_test_20260723_031246/ptoas/proj_b_act.pto.vpto.mlir	artifacts/533887b4ae09635e9c7ddb5db7d7bf29c12f8347/all-phase-ir/_jit_prefill_attention_csa_test_20260723_031246/ptoas/proj_b_act	0	TileLib daemon 'ptodsl.tilelib.serving.daemon' started (pid=41754, socket=/tmp/tilelib_daemon_41751.sock) Info: ptodsl TileLib daemon started successfully TileLib daemon stopped (pid=41754)	3	2	0	0	3	3	4	7	10	fusion_candidate_with_local_boundaries
PASS	_jit_prefill_attention_csa_test_20260723_031246/ptoas/proj_b_mm.pto	48	66bcf452744ec5358cedc0b1db6c272625c9ec66f6a07aa778768a40bf518af0	artifacts/533887b4ae09635e9c7ddb5db7d7bf29c12f8347/final-vpto/_jit_prefill_attention_csa_test_20260723_031246/ptoas/proj_b_mm.pto.vpto.mlir	artifacts/533887b4ae09635e9c7ddb5db7d7bf29c12f8347/all-phase-ir/_jit_prefill_attention_csa_test_20260723_031246/ptoas/proj_b_mm	0	TileLib daemon 'ptodsl.tilelib.serving.daemon' started (pid=41876, socket=/tmp/tilelib_daemon_41875.sock) Info: ptodsl TileLib daemon started successfully TileLib daemon stopped (pid=41876)	0	1	0	0	0	0	21	4	21	hard_boundary_only
PASS	_jit_prefill_attention_csa_test_20260723_031246/ptoas/q_rope_prepare.pto	65	a75c8d9a4295b357868b8da0d9e7f4bb62cdcd648fb2654137449cfed7412bc5	artifacts/533887b4ae09635e9c7ddb5db7d7bf29c12f8347/final-vpto/_jit_prefill_attention_csa_test_20260723_031246/ptoas/q_rope_prepare.pto.vpto.mlir	artifacts/533887b4ae09635e9c7ddb5db7d7bf29c12f8347/all-phase-ir/_jit_prefill_attention_csa_test_20260723_031246/ptoas/q_rope_prepare	0	TileLib daemon 'ptodsl.tilelib.serving.daemon' started (pid=41948, socket=/tmp/tilelib_daemon_41945.sock) Info: ptodsl TileLib daemon started successfully TileLib daemon stopped (pid=41948)	11	2	0	0	11	9	8	13	28	fusion_candidate_with_local_boundaries
PASS	_jit_prefill_attention_csa_test_20260723_031246/ptoas/qk_pv.pto	131	349cc7e9a045fa8876a7ea4aa31677b93fa3aa008491b85e558364934ff2ff16	artifacts/533887b4ae09635e9c7ddb5db7d7bf29c12f8347/final-vpto/_jit_prefill_attention_csa_test_20260723_031246/ptoas/qk_pv.pto.vpto.mlir	artifacts/533887b4ae09635e9c7ddb5db7d7bf29c12f8347/all-phase-ir/_jit_prefill_attention_csa_test_20260723_031246/ptoas/qk_pv	0	TileLib daemon 'ptodsl.tilelib.serving.daemon' started (pid=42059, socket=/tmp/tilelib_daemon_42056.sock) Info: ptodsl TileLib daemon started successfully TileLib daemon stopped (pid=42059)	8	7	0	0	8	0	41	18	58	fusion_candidate_clean
PASS	_jit_prefill_attention_csa_test_20260723_031246/ptoas/qkv_rope_rows.pto	13	4939d1e607fbe138e600bb9a6b28e4eeaebdfe2b3af2b04cbfe543b5efa6b07f	artifacts/533887b4ae09635e9c7ddb5db7d7bf29c12f8347/final-vpto/_jit_prefill_attention_csa_test_20260723_031246/ptoas/qkv_rope_rows.pto.vpto.mlir	artifacts/533887b4ae09635e9c7ddb5db7d7bf29c12f8347/all-phase-ir/_jit_prefill_attention_csa_test_20260723_031246/ptoas/qkv_rope_rows	0	TileLib daemon 'ptodsl.tilelib.serving.daemon' started (pid=42241, socket=/tmp/tilelib_daemon_42236.sock) Info: ptodsl TileLib daemon started successfully TileLib daemon stopped (pid=42241)	0	1	0	0	0	0	4	2	4	hard_boundary_only
PASS	_jit_prefill_attention_csa_test_20260723_031246/ptoas/qproj_dequant_rms_nope_rope.pto	99	b7b74d5ee9404ac09fc6d2b6c0854ac9c964f4bc825ea8826a96317bc6a30a84	artifacts/533887b4ae09635e9c7ddb5db7d7bf29c12f8347/final-vpto/_jit_prefill_attention_csa_test_20260723_031246/ptoas/qproj_dequant_rms_nope_rope.pto.vpto.mlir	artifacts/533887b4ae09635e9c7ddb5db7d7bf29c12f8347/all-phase-ir/_jit_prefill_attention_csa_test_20260723_031246/ptoas/qproj_dequant_rms_nope_rope	0	TileLib daemon 'ptodsl.tilelib.serving.daemon' started (pid=42263, socket=/tmp/tilelib_daemon_42260.sock) Info: ptodsl TileLib daemon started successfully TileLib daemon stopped (pid=42263)	22	4	0	0	24	8	14	13	46	fusion_candidate_with_local_boundaries
PASS	_jit_prefill_attention_csa_test_20260723_031246/ptoas/qproj_matmul.pto	45	9130cf3cfbe3c544304e39863ed41e5a9844beb5ae9f6b21c81eecb387fd8ca3	artifacts/533887b4ae09635e9c7ddb5db7d7bf29c12f8347/final-vpto/_jit_prefill_attention_csa_test_20260723_031246/ptoas/qproj_matmul.pto.vpto.mlir	artifacts/533887b4ae09635e9c7ddb5db7d7bf29c12f8347/all-phase-ir/_jit_prefill_attention_csa_test_20260723_031246/ptoas/qproj_matmul	0	TileLib daemon 'ptodsl.tilelib.serving.daemon' started (pid=42445, socket=/tmp/tilelib_daemon_42442.sock) Info: ptodsl TileLib daemon started successfully TileLib daemon stopped (pid=42445)	0	6	0	0	0	0	24	4	24	hard_boundary_only
PASS	_jit_prefill_attention_csa_test_20260723_031246/ptoas/qr_proj_matmul.pto	44	4f7a6bd25a58892abc490bb5b31933efbba6c89b0c11f7927227e02167e656b6	artifacts/533887b4ae09635e9c7ddb5db7d7bf29c12f8347/final-vpto/_jit_prefill_attention_csa_test_20260723_031246/ptoas/qr_proj_matmul.pto.vpto.mlir	artifacts/533887b4ae09635e9c7ddb5db7d7bf29c12f8347/all-phase-ir/_jit_prefill_attention_csa_test_20260723_031246/ptoas/qr_proj_matmul	0	TileLib daemon 'ptodsl.tilelib.serving.daemon' started (pid=42522, socket=/tmp/tilelib_daemon_42519.sock) Info: ptodsl TileLib daemon started successfully TileLib daemon stopped (pid=42522)	0	2	0	0	0	0	23	4	23	hard_boundary_only
PASS	_jit_prefill_attention_csa_test_20260723_031246/ptoas/qr_proj_seed.pto	5	9248d152110eb3fb3c09dd39319cc1fe36915f1b1945f7bc86d196c11ce4c713	artifacts/533887b4ae09635e9c7ddb5db7d7bf29c12f8347/final-vpto/_jit_prefill_attention_csa_test_20260723_031246/ptoas/qr_proj_seed.pto.vpto.mlir	artifacts/533887b4ae09635e9c7ddb5db7d7bf29c12f8347/all-phase-ir/_jit_prefill_attention_csa_test_20260723_031246/ptoas/qr_proj_seed	0	TileLib daemon 'ptodsl.tilelib.serving.daemon' started (pid=42594, socket=/tmp/tilelib_daemon_42591.sock) Info: ptodsl TileLib daemon started successfully TileLib daemon stopped (pid=42594)	0	2	0	0	0	1	1	2	2	hard_boundary_only
PASS	_jit_prefill_attention_csa_test_20260723_031246/ptoas/qr_rms_norm_quant.pto	101	f1c63fa214c06626f145411030b8e3349d31a1ea0398bd84179c6c91258b7a11	artifacts/533887b4ae09635e9c7ddb5db7d7bf29c12f8347/final-vpto/_jit_prefill_attention_csa_test_20260723_031246/ptoas/qr_rms_norm_quant.pto.vpto.mlir	artifacts/533887b4ae09635e9c7ddb5db7d7bf29c12f8347/all-phase-ir/_jit_prefill_attention_csa_test_20260723_031246/ptoas/qr_rms_norm_quant	0	TileLib daemon 'ptodsl.tilelib.serving.daemon' started (pid=42602, socket=/tmp/tilelib_daemon_42599.sock) Info: ptodsl TileLib daemon started successfully TileLib daemon stopped (pid=42602)	19	2	0	0	21	20	13	17	54	fusion_candidate_with_local_boundaries
PASS	_jit_prefill_attention_csa_test_20260723_031246/ptoas/quant.pto	33	007cac12b434891d82873292d3f4917cd7f7833afe361bdc0a635c4374eb6d51	artifacts/533887b4ae09635e9c7ddb5db7d7bf29c12f8347/final-vpto/_jit_prefill_attention_csa_test_20260723_031246/ptoas/quant.pto.vpto.mlir	artifacts/533887b4ae09635e9c7ddb5db7d7bf29c12f8347/all-phase-ir/_jit_prefill_attention_csa_test_20260723_031246/ptoas/quant	0	TileLib daemon 'ptodsl.tilelib.serving.daemon' started (pid=42768, socket=/tmp/tilelib_daemon_42765.sock) Info: ptodsl TileLib daemon started successfully TileLib daemon stopped (pid=42768)	4	3	0	0	5	7	4	10	16	fusion_candidate_with_local_boundaries
PASS	_jit_prefill_attention_csa_test_20260723_031246/ptoas/rms_norm.pto	57	e58313c9cefb76ae80b34cdd67e79e8a5d2fe93811eca1a51f2ec28ecd0cf0ca	artifacts/533887b4ae09635e9c7ddb5db7d7bf29c12f8347/final-vpto/_jit_prefill_attention_csa_test_20260723_031246/ptoas/rms_norm.pto.vpto.mlir	artifacts/533887b4ae09635e9c7ddb5db7d7bf29c12f8347/all-phase-ir/_jit_prefill_attention_csa_test_20260723_031246/ptoas/rms_norm	0	TileLib daemon 'ptodsl.tilelib.serving.daemon' started (pid=42844, socket=/tmp/tilelib_daemon_42840.sock) Info: ptodsl TileLib daemon started successfully TileLib daemon stopped (pid=42844)	12	2	0	0	13	9	8	12	30	fusion_candidate_with_local_boundaries
PASS	_jit_prefill_attention_csa_test_20260723_031246/ptoas/rope.pto	45	1a3df7f6d75648f0552a1ec941637582c20beb9d9b9169c6d373e5013f8730f8	artifacts/533887b4ae09635e9c7ddb5db7d7bf29c12f8347/final-vpto/_jit_prefill_attention_csa_test_20260723_031246/ptoas/rope.pto.vpto.mlir	artifacts/533887b4ae09635e9c7ddb5db7d7bf29c12f8347/all-phase-ir/_jit_prefill_attention_csa_test_20260723_031246/ptoas/rope	0	TileLib daemon 'ptodsl.tilelib.serving.daemon' started (pid=42964, socket=/tmp/tilelib_daemon_42960.sock) Info: ptodsl TileLib daemon started successfully TileLib daemon stopped (pid=42964)	12	3	0	0	12	5	6	13	23	fusion_candidate_with_local_boundaries
PASS	_jit_prefill_attention_csa_test_20260723_031246/ptoas/rope_cs.pto	46	62086035fed1079dfbdc9d2dc5240c951d5e8afd5f608a2aa3a2bb2eb0687cd2	artifacts/533887b4ae09635e9c7ddb5db7d7bf29c12f8347/final-vpto/_jit_prefill_attention_csa_test_20260723_031246/ptoas/rope_cs.pto.vpto.mlir	artifacts/533887b4ae09635e9c7ddb5db7d7bf29c12f8347/all-phase-ir/_jit_prefill_attention_csa_test_20260723_031246/ptoas/rope_cs	0	TileLib daemon 'ptodsl.tilelib.serving.daemon' started (pid=43054, socket=/tmp/tilelib_daemon_43051.sock) Info: ptodsl TileLib daemon started successfully TileLib daemon stopped (pid=43054)	8	2	0	0	8	9	7	13	24	fusion_candidate_with_local_boundaries
PASS	_jit_prefill_attention_csa_test_20260723_031246/ptoas/split_pre_post.pto	47	5849c77c46a9d9d8d650b594c289447afd33a0eeba860e2ac2e1ef1726075ea5	artifacts/533887b4ae09635e9c7ddb5db7d7bf29c12f8347/final-vpto/_jit_prefill_attention_csa_test_20260723_031246/ptoas/split_pre_post.pto.vpto.mlir	artifacts/533887b4ae09635e9c7ddb5db7d7bf29c12f8347/all-phase-ir/_jit_prefill_attention_csa_test_20260723_031246/ptoas/split_pre_post	0	TileLib daemon 'ptodsl.tilelib.serving.daemon' started (pid=43170, socket=/tmp/tilelib_daemon_43167.sock) Info: ptodsl TileLib daemon started successfully TileLib daemon stopped (pid=43170)	10	0	0	0	12	6	7	10	25	fusion_candidate_with_local_boundaries
PASS	_jit_qkv_proj_rope_test_20260723_031029/ptoas/kv_proj_matmul.pto	44	a0271a2ec4ac5f70b5e9e4d379b9a2d93d2dda420445786516e41f804e017f3b	artifacts/533887b4ae09635e9c7ddb5db7d7bf29c12f8347/final-vpto/_jit_qkv_proj_rope_test_20260723_031029/ptoas/kv_proj_matmul.pto.vpto.mlir	artifacts/533887b4ae09635e9c7ddb5db7d7bf29c12f8347/all-phase-ir/_jit_qkv_proj_rope_test_20260723_031029/ptoas/kv_proj_matmul	0	TileLib daemon 'ptodsl.tilelib.serving.daemon' started (pid=43262, socket=/tmp/tilelib_daemon_43259.sock) Info: ptodsl TileLib daemon started successfully TileLib daemon stopped (pid=43262)	0	2	0	0	0	0	23	4	23	hard_boundary_only
PASS	_jit_qkv_proj_rope_test_20260723_031029/ptoas/kv_proj_seed.pto	5	273738699b2854c3eb68ff282351deab87445f50c49de7a7b10305adcdc4b44a	artifacts/533887b4ae09635e9c7ddb5db7d7bf29c12f8347/final-vpto/_jit_qkv_proj_rope_test_20260723_031029/ptoas/kv_proj_seed.pto.vpto.mlir	artifacts/533887b4ae09635e9c7ddb5db7d7bf29c12f8347/all-phase-ir/_jit_qkv_proj_rope_test_20260723_031029/ptoas/kv_proj_seed	0	TileLib daemon 'ptodsl.tilelib.serving.daemon' started (pid=43351, socket=/tmp/tilelib_daemon_43348.sock) Info: ptodsl TileLib daemon started successfully TileLib daemon stopped (pid=43351)	0	2	0	0	0	1	1	2	2	hard_boundary_only
PASS	_jit_qkv_proj_rope_test_20260723_031029/ptoas/kv_rms_norm_rope.pto	130	d631dd589c2144c7d690709d0f42108d8b2d82ce9a77d4a79be4942330301d4f	artifacts/533887b4ae09635e9c7ddb5db7d7bf29c12f8347/final-vpto/_jit_qkv_proj_rope_test_20260723_031029/ptoas/kv_rms_norm_rope.pto.vpto.mlir	artifacts/533887b4ae09635e9c7ddb5db7d7bf29c12f8347/all-phase-ir/_jit_qkv_proj_rope_test_20260723_031029/ptoas/kv_rms_norm_rope	0	TileLib daemon 'ptodsl.tilelib.serving.daemon' started (pid=43363, socket=/tmp/tilelib_daemon_43360.sock) Info: ptodsl TileLib daemon started successfully TileLib daemon stopped (pid=43363)	31	5	0	0	32	18	20	17	70	fusion_candidate_with_local_boundaries
PASS	_jit_qkv_proj_rope_test_20260723_031029/ptoas/q_rope_prepare.pto	56	19ec6dc217cb2f23bac0edf4ae9f5434ed983b4503dbaf356a2367c6929bcc1b	artifacts/533887b4ae09635e9c7ddb5db7d7bf29c12f8347/final-vpto/_jit_qkv_proj_rope_test_20260723_031029/ptoas/q_rope_prepare.pto.vpto.mlir	artifacts/533887b4ae09635e9c7ddb5db7d7bf29c12f8347/all-phase-ir/_jit_qkv_proj_rope_test_20260723_031029/ptoas/q_rope_prepare	0	TileLib daemon 'ptodsl.tilelib.serving.daemon' started (pid=43626, socket=/tmp/tilelib_daemon_43623.sock) Info: ptodsl TileLib daemon started successfully TileLib daemon stopped (pid=43626)	11	2	0	0	11	9	8	13	28	fusion_candidate_with_local_boundaries
PASS	_jit_qkv_proj_rope_test_20260723_031029/ptoas/qproj_dequant_rms_nope_rope.pto	88	99e931c025cb652147cc57bf7ebc582ef8dfc23624eea0453f3fd44e2893b699	artifacts/533887b4ae09635e9c7ddb5db7d7bf29c12f8347/final-vpto/_jit_qkv_proj_rope_test_20260723_031029/ptoas/qproj_dequant_rms_nope_rope.pto.vpto.mlir	artifacts/533887b4ae09635e9c7ddb5db7d7bf29c12f8347/all-phase-ir/_jit_qkv_proj_rope_test_20260723_031029/ptoas/qproj_dequant_rms_nope_rope	0	TileLib daemon 'ptodsl.tilelib.serving.daemon' started (pid=44021, socket=/tmp/tilelib_daemon_44020.sock) Info: ptodsl TileLib daemon started successfully TileLib daemon stopped (pid=44021)	22	4	0	0	24	8	14	13	46	fusion_candidate_with_local_boundaries
PASS	_jit_qkv_proj_rope_test_20260723_031029/ptoas/qproj_matmul.pto	47	78e80500889e30f7ccc69159b2c8f61cc6a2abb4cc5fda76a00ef2e7151d6fce	artifacts/533887b4ae09635e9c7ddb5db7d7bf29c12f8347/final-vpto/_jit_qkv_proj_rope_test_20260723_031029/ptoas/qproj_matmul.pto.vpto.mlir	artifacts/533887b4ae09635e9c7ddb5db7d7bf29c12f8347/all-phase-ir/_jit_qkv_proj_rope_test_20260723_031029/ptoas/qproj_matmul	0	TileLib daemon 'ptodsl.tilelib.serving.daemon' started (pid=44240, socket=/tmp/tilelib_daemon_44238.sock) Info: ptodsl TileLib daemon started successfully TileLib daemon stopped (pid=44240)	0	6	0	0	0	0	24	4	24	hard_boundary_only
PASS	_jit_qkv_proj_rope_test_20260723_031029/ptoas/qr_proj_matmul.pto	45	0233b6665014e39703803b81e0ce926647a55cfeefd2bdece25dfd16362995f3	artifacts/533887b4ae09635e9c7ddb5db7d7bf29c12f8347/final-vpto/_jit_qkv_proj_rope_test_20260723_031029/ptoas/qr_proj_matmul.pto.vpto.mlir	artifacts/533887b4ae09635e9c7ddb5db7d7bf29c12f8347/all-phase-ir/_jit_qkv_proj_rope_test_20260723_031029/ptoas/qr_proj_matmul	0	TileLib daemon 'ptodsl.tilelib.serving.daemon' started (pid=44370, socket=/tmp/tilelib_daemon_44367.sock) Info: ptodsl TileLib daemon started successfully TileLib daemon stopped (pid=44370)	0	2	0	0	0	0	23	4	23	hard_boundary_only
PASS	_jit_qkv_proj_rope_test_20260723_031029/ptoas/qr_proj_seed.pto	5	b08db81827342f5411b8ab52b3c74211e068a8c3b48f7376e0bf8a533a5bd5cf	artifacts/533887b4ae09635e9c7ddb5db7d7bf29c12f8347/final-vpto/_jit_qkv_proj_rope_test_20260723_031029/ptoas/qr_proj_seed.pto.vpto.mlir	artifacts/533887b4ae09635e9c7ddb5db7d7bf29c12f8347/all-phase-ir/_jit_qkv_proj_rope_test_20260723_031029/ptoas/qr_proj_seed	0	TileLib daemon 'ptodsl.tilelib.serving.daemon' started (pid=44470, socket=/tmp/tilelib_daemon_44464.sock) Info: ptodsl TileLib daemon started successfully TileLib daemon stopped (pid=44470)	0	2	0	0	0	1	1	2	2	hard_boundary_only
PASS	_jit_qkv_proj_rope_test_20260723_031029/ptoas/qr_rms_norm_quant.pto	103	79e500b602997bf707b59c3ac8803918f9e09cf91d10e85fabc12cac8a7a44a2	artifacts/533887b4ae09635e9c7ddb5db7d7bf29c12f8347/final-vpto/_jit_qkv_proj_rope_test_20260723_031029/ptoas/qr_rms_norm_quant.pto.vpto.mlir	artifacts/533887b4ae09635e9c7ddb5db7d7bf29c12f8347/all-phase-ir/_jit_qkv_proj_rope_test_20260723_031029/ptoas/qr_rms_norm_quant	0	TileLib daemon 'ptodsl.tilelib.serving.daemon' started (pid=44519, socket=/tmp/tilelib_daemon_44514.sock) Info: ptodsl TileLib daemon started successfully TileLib daemon stopped (pid=44519)	19	2	0	0	21	20	13	17	54	fusion_candidate_with_local_boundaries
PASS	_jit_qkv_proj_rope_test_20260723_031234/ptoas/kv_proj_matmul.pto	48	ad0d3fc06634bc4b8d5a8906a3a7201327fc9853eafc773855c83c614a262fc5	artifacts/533887b4ae09635e9c7ddb5db7d7bf29c12f8347/final-vpto/_jit_qkv_proj_rope_test_20260723_031234/ptoas/kv_proj_matmul.pto.vpto.mlir	artifacts/533887b4ae09635e9c7ddb5db7d7bf29c12f8347/all-phase-ir/_jit_qkv_proj_rope_test_20260723_031234/ptoas/kv_proj_matmul	0	TileLib daemon 'ptodsl.tilelib.serving.daemon' started (pid=44913, socket=/tmp/tilelib_daemon_44907.sock) Info: ptodsl TileLib daemon started successfully TileLib daemon stopped (pid=44913)	0	2	0	0	0	0	23	4	23	hard_boundary_only
PASS	_jit_qkv_proj_rope_test_20260723_031234/ptoas/kv_proj_seed.pto	5	237c35b3fb316f19290f1897921067ff775a6d2763f42f444c74b579ed185e9d	artifacts/533887b4ae09635e9c7ddb5db7d7bf29c12f8347/final-vpto/_jit_qkv_proj_rope_test_20260723_031234/ptoas/kv_proj_seed.pto.vpto.mlir	artifacts/533887b4ae09635e9c7ddb5db7d7bf29c12f8347/all-phase-ir/_jit_qkv_proj_rope_test_20260723_031234/ptoas/kv_proj_seed	0	TileLib daemon 'ptodsl.tilelib.serving.daemon' started (pid=45050, socket=/tmp/tilelib_daemon_45047.sock) Info: ptodsl TileLib daemon started successfully TileLib daemon stopped (pid=45050)	0	2	0	0	0	1	1	2	2	hard_boundary_only
PASS	_jit_qkv_proj_rope_test_20260723_031234/ptoas/kv_rms_norm_rope.pto	134	b0fe4634d64e3401bd320226a12eee4b6b0b8d7b36937f566a2ae6c4e5e2d948	artifacts/533887b4ae09635e9c7ddb5db7d7bf29c12f8347/final-vpto/_jit_qkv_proj_rope_test_20260723_031234/ptoas/kv_rms_norm_rope.pto.vpto.mlir	artifacts/533887b4ae09635e9c7ddb5db7d7bf29c12f8347/all-phase-ir/_jit_qkv_proj_rope_test_20260723_031234/ptoas/kv_rms_norm_rope	0	TileLib daemon 'ptodsl.tilelib.serving.daemon' started (pid=45061, socket=/tmp/tilelib_daemon_45058.sock) Info: ptodsl TileLib daemon started successfully TileLib daemon stopped (pid=45061)	31	5	0	0	32	18	20	17	70	fusion_candidate_with_local_boundaries
PASS	_jit_qkv_proj_rope_test_20260723_031234/ptoas/q_rope_prepare.pto	54	0ead3b5cd111f7ac783205882345db587d7aa5f198cd7f2a4f3c2e013eac865b	artifacts/533887b4ae09635e9c7ddb5db7d7bf29c12f8347/final-vpto/_jit_qkv_proj_rope_test_20260723_031234/ptoas/q_rope_prepare.pto.vpto.mlir	artifacts/533887b4ae09635e9c7ddb5db7d7bf29c12f8347/all-phase-ir/_jit_qkv_proj_rope_test_20260723_031234/ptoas/q_rope_prepare	0	TileLib daemon 'ptodsl.tilelib.serving.daemon' started (pid=45310, socket=/tmp/tilelib_daemon_45307.sock) Info: ptodsl TileLib daemon started successfully TileLib daemon stopped (pid=45310)	11	2	0	0	11	9	8	13	28	fusion_candidate_with_local_boundaries
PASS	_jit_qkv_proj_rope_test_20260723_031234/ptoas/qproj_dequant_rms_nope_rope.pto	86	8a49404a6f640bd335637f1084a69389561d3daca2387d7007397ecd8ba0e2e1	artifacts/533887b4ae09635e9c7ddb5db7d7bf29c12f8347/final-vpto/_jit_qkv_proj_rope_test_20260723_031234/ptoas/qproj_dequant_rms_nope_rope.pto.vpto.mlir	artifacts/533887b4ae09635e9c7ddb5db7d7bf29c12f8347/all-phase-ir/_jit_qkv_proj_rope_test_20260723_031234/ptoas/qproj_dequant_rms_nope_rope	0	TileLib daemon 'ptodsl.tilelib.serving.daemon' started (pid=45413, socket=/tmp/tilelib_daemon_45410.sock) Info: ptodsl TileLib daemon started successfully TileLib daemon stopped (pid=45413)	22	4	0	0	24	8	14	13	46	fusion_candidate_with_local_boundaries
PASS	_jit_qkv_proj_rope_test_20260723_031234/ptoas/qproj_matmul.pto	46	b305ff7ae2b4181a6abb2d1689315c68a506fb4f8329b8bd0037c31301d64480	artifacts/533887b4ae09635e9c7ddb5db7d7bf29c12f8347/final-vpto/_jit_qkv_proj_rope_test_20260723_031234/ptoas/qproj_matmul.pto.vpto.mlir	artifacts/533887b4ae09635e9c7ddb5db7d7bf29c12f8347/all-phase-ir/_jit_qkv_proj_rope_test_20260723_031234/ptoas/qproj_matmul	0	TileLib daemon 'ptodsl.tilelib.serving.daemon' started (pid=45586, socket=/tmp/tilelib_daemon_45583.sock) Info: ptodsl TileLib daemon started successfully TileLib daemon stopped (pid=45586)	0	6	0	0	0	0	24	4	24	hard_boundary_only
PASS	_jit_qkv_proj_rope_test_20260723_031234/ptoas/qr_proj_matmul.pto	44	7063adddb12ba85e5f9c804de51f6706352ef1304ccea9ee9a9c18c75dcdef29	artifacts/533887b4ae09635e9c7ddb5db7d7bf29c12f8347/final-vpto/_jit_qkv_proj_rope_test_20260723_031234/ptoas/qr_proj_matmul.pto.vpto.mlir	artifacts/533887b4ae09635e9c7ddb5db7d7bf29c12f8347/all-phase-ir/_jit_qkv_proj_rope_test_20260723_031234/ptoas/qr_proj_matmul	0	TileLib daemon 'ptodsl.tilelib.serving.daemon' started (pid=45673, socket=/tmp/tilelib_daemon_45669.sock) Info: ptodsl TileLib daemon started successfully TileLib daemon stopped (pid=45673)	0	2	0	0	0	0	23	4	23	hard_boundary_only
PASS	_jit_qkv_proj_rope_test_20260723_031234/ptoas/qr_proj_seed.pto	5	3385ef495d60951b80b4ca2840b1a18fa8d36ab702d655d73ebf6ea3e38709e8	artifacts/533887b4ae09635e9c7ddb5db7d7bf29c12f8347/final-vpto/_jit_qkv_proj_rope_test_20260723_031234/ptoas/qr_proj_seed.pto.vpto.mlir	artifacts/533887b4ae09635e9c7ddb5db7d7bf29c12f8347/all-phase-ir/_jit_qkv_proj_rope_test_20260723_031234/ptoas/qr_proj_seed	0	TileLib daemon 'ptodsl.tilelib.serving.daemon' started (pid=45752, socket=/tmp/tilelib_daemon_45749.sock) Info: ptodsl TileLib daemon started successfully TileLib daemon stopped (pid=45752)	0	2	0	0	0	1	1	2	2	hard_boundary_only
PASS	_jit_qkv_proj_rope_test_20260723_031234/ptoas/qr_rms_norm_quant.pto	105	5ad91a5c8fdcb0a37af59ce599ccc2a04222d12de2062159406fc5eddf928257	artifacts/533887b4ae09635e9c7ddb5db7d7bf29c12f8347/final-vpto/_jit_qkv_proj_rope_test_20260723_031234/ptoas/qr_rms_norm_quant.pto.vpto.mlir	artifacts/533887b4ae09635e9c7ddb5db7d7bf29c12f8347/all-phase-ir/_jit_qkv_proj_rope_test_20260723_031234/ptoas/qr_rms_norm_quant	0	TileLib daemon 'ptodsl.tilelib.serving.daemon' started (pid=45760, socket=/tmp/tilelib_daemon_45757.sock) Info: ptodsl TileLib daemon started successfully TileLib daemon stopped (pid=45760)	19	2	0	0	21	20	13	17	54	fusion_candidate_with_local_boundaries
PASS	_jit_rms_norm_test_20260723_030917/ptoas/rms_norm.pto	55	8a189311bc16b2b7b17620a695e93958feeb817c567bc3b7fd0b724c893d25b2	artifacts/533887b4ae09635e9c7ddb5db7d7bf29c12f8347/final-vpto/_jit_rms_norm_test_20260723_030917/ptoas/rms_norm.pto.vpto.mlir	artifacts/533887b4ae09635e9c7ddb5db7d7bf29c12f8347/all-phase-ir/_jit_rms_norm_test_20260723_030917/ptoas/rms_norm	0	TileLib daemon 'ptodsl.tilelib.serving.daemon' started (pid=45970, socket=/tmp/tilelib_daemon_45969.sock) Info: ptodsl TileLib daemon started successfully TileLib daemon stopped (pid=45970)	12	2	0	0	13	9	8	12	30	fusion_candidate_with_local_boundaries
PASS	_jit_rms_norm_test_20260723_030929/ptoas/rms_norm.pto	56	af9a7648e49427ef51028fbcf1f5b1f771ae4cd1470b487b907624f74fc63759	artifacts/533887b4ae09635e9c7ddb5db7d7bf29c12f8347/final-vpto/_jit_rms_norm_test_20260723_030929/ptoas/rms_norm.pto.vpto.mlir	artifacts/533887b4ae09635e9c7ddb5db7d7bf29c12f8347/all-phase-ir/_jit_rms_norm_test_20260723_030929/ptoas/rms_norm	0	TileLib daemon 'ptodsl.tilelib.serving.daemon' started (pid=46098, socket=/tmp/tilelib_daemon_46093.sock) Info: ptodsl TileLib daemon started successfully TileLib daemon stopped (pid=46098)	12	2	0	0	13	9	8	12	30	fusion_candidate_with_local_boundaries
