case	bytes	sha256
_jit_attention_csa_test_20260723_032646/ptoas/comb_sinkhorn.pto	96481	d1e8b19ff01b531b091af5fd3d39a991f0430fba19e9095680d5fbbe65bf0c1d
_jit_attention_csa_test_20260723_032646/ptoas/csa_cache_writeback.pto	2824	32f9596913a4a506ef7c35543cb2db92d6b5628dfc6c10046494bec86bd0afc5
_jit_attention_csa_test_20260723_032646/ptoas/csa_cmp_rope.pto	5359	ab2f356c95fd0972385a685fb9ce936e2e6eef78400e39030f2ada94137b24e3
_jit_attention_csa_test_20260723_032646/ptoas/csa_rope_step.pto	10340	d1928295b47dddcd6af9a07a4a447978cf1a255add978fd078375fc043d7f1f7
_jit_attention_csa_test_20260723_032646/ptoas/csa_slots_build_valid_qk_plan.pto	77256	8b1ec12c6cf930d2ed394af2b20fab46ec1ee9341f10b7ac846c2bebd792d333
_jit_attention_csa_test_20260723_032646/ptoas/hc_post.pto	34826	d9df9ffe5a2d6875dd7c3224e09c028ec868ebe0bf3c3acedce967246854c9be
_jit_attention_csa_test_20260723_032646/ptoas/hc_pre_linear.pto	12518	ea1f46ca8f2fd598f4da66ac50852a994d43d72fa43779cc6cf1b924abb89c8b
_jit_attention_csa_test_20260723_032646/ptoas/hc_pre_rms.pto	17633	24ade7bf9ad7a52759931ff7cf018185020b38f3dc1cf854197831ccc2fa6638
_jit_attention_csa_test_20260723_032646/ptoas/hc_pre_seed.pto	1643	777c4379059f3af5b94bae38a3258a9e1ccb367b28f70533f6f66bb7eef7efbe
_jit_attention_csa_test_20260723_032646/ptoas/idx_qr_proj_dequant.pto	6207	0c74f061e18895c3f4bf536f038c3745963a20d27809cf3adbf5eadd9135516c
_jit_attention_csa_test_20260723_032646/ptoas/idx_qr_proj_matmul.pto	19996	33d52a88ca5618ad3688d9893f251bdcb9676f352d86e91bc02eee0e838f692d
_jit_attention_csa_test_20260723_032646/ptoas/kv_and_cache_write.pto	15655	da472432090e3dd7a8f46bb1c5efd4142ff2caff0a6a53a6b96a171fb8c12d29
_jit_attention_csa_test_20260723_032646/ptoas/kv_hadamard.pto	5376	7f83d70fe9702d3755b5eb30337acdaef18c8e48bcbc6e606b1a30d597f4f7df
_jit_attention_csa_test_20260723_032646/ptoas/kv_proj_matmul.pto	18568	4073c3f6a440b35b639c26e1f9cd6bd8d68fe408acf4f9e44a3e2d059d9f23c6
_jit_attention_csa_test_20260723_032646/ptoas/kv_proj_seed.pto	1903	8ee6f2479031d2b9148ffef89e7a0cb8efa2a588dd7fc33899817f14053ecbaf
_jit_attention_csa_test_20260723_032646/ptoas/kv_rms_norm_rope.pto	53458	5e13a2d00eafabdb25adf976f97082f37b9073b36b078daaf525ba3259e7da30
_jit_attention_csa_test_20260723_032646/ptoas/kv_score_proj.pto	34265	f377e459fbc202a8260f3649cc6442b9a5bd2d726365a674b6839c09c0d9b0c7
_jit_attention_csa_test_20260723_032646/ptoas/kv_score_proj_0.pto	19964	c8519fad6975152cf677915a0396cd921002a55802960a70a22828cf066ff799
_jit_attention_csa_test_20260723_032646/ptoas/kv_touch.pto	1708	d0c9f8fef3a5c884586c37f5c52a1302d0627f6bcd7cfefa397981cb3febcc97
_jit_attention_csa_test_20260723_032646/ptoas/merge_norm.pto	49564	e3775ff6b026268c7edd83dc9b02c1e9ba5bceb1ef1b11e1b3e356e571f33da3
_jit_attention_csa_test_20260723_032646/ptoas/mix_x.pto	24653	04b0ad82120c982cbfab33173d31c1407e8031767e07adc80b5a0dd8e2ee60fb
_jit_attention_csa_test_20260723_032646/ptoas/proj_a_mm.pto	26505	22dfaf085e920071180888d21a507f1567d724368830d812a6da3ddb4cd4e279
_jit_attention_csa_test_20260723_032646/ptoas/proj_b_act.pto	12418	40624f96feef649ab22d79291b5189d095bdfd66540107fe6dd8392da86e0635
_jit_attention_csa_test_20260723_032646/ptoas/proj_b_mm.pto	20216	774bbfc38e0c177005c988fb2260ff2bed3231c722f61cd5af7a30031a691ffc
_jit_attention_csa_test_20260723_032646/ptoas/q_rope_prepare.pto	23324	c7c0283c6b49b9e60a044cf76e98c76e5e59ce1bf1150cd716eb2e7cb83e392f
_jit_attention_csa_test_20260723_032646/ptoas/qk_pv.pto	63197	90fb126e1a3f52e863dcc24bfe42c6a865142bd7c2385b7dc7bf7bc3692b66fb
_jit_attention_csa_test_20260723_032646/ptoas/qproj_dequant_rms_nope_rope.pto	42283	150dcc7ab98279c6946eace5a6b222e7605efc13a6d466cac1d5a493b13e3cb9
_jit_attention_csa_test_20260723_032646/ptoas/qproj_matmul.pto	20373	dbac01ce7c570a9bf66ee8976170b58c50665394c4936648def602f352aa07ca
_jit_attention_csa_test_20260723_032646/ptoas/qr_hadamard_matmul.pto	5031	ab510cd9de0b3abaad0f6ab85036ca534254f46934aecc3d7c4321cf1bd651b9
_jit_attention_csa_test_20260723_032646/ptoas/qr_hadamard_quant.pto	12277	3b1a2c5b806d7b566570c29913f3dd86388b2b820f3150e96a1c2f2c08b10bbe
_jit_attention_csa_test_20260723_032646/ptoas/qr_proj_matmul.pto	18558	f0e0b684ff862f7d91f74178fec06ecfc0972b4b71abdb278fec5a03bd2dd2fd
_jit_attention_csa_test_20260723_032646/ptoas/qr_proj_seed.pto	1907	179ceb369fa2a3bbf1e0aa67f77fd6dc0b609e16deb0e8512241f0b0defe29e9
_jit_attention_csa_test_20260723_032646/ptoas/qr_rms_norm_quant.pto	39190	03d782dee6b3c02b07afc239304ea24975cf43467af534072be03119ab370e16
_jit_attention_csa_test_20260723_032646/ptoas/qr_rope.pto	30978	24e6211e8a521e4c9f148d4e564477c10d98e13745cd2ab843ad1489f4f989cb
_jit_attention_csa_test_20260723_032646/ptoas/quant.pto	12542	f52ff334321a2a993ccb24e595d2ee494ddca001241b57c68a22915716818b56
_jit_attention_csa_test_20260723_032646/ptoas/rms_norm.pto	22049	7269ac8b43b6087cfcf650c2fea14f35ac0865e2bee2ecab05c21d6245259382
_jit_attention_csa_test_20260723_032646/ptoas/rmsnorm_rope.pto	44451	2b569e1beb8c5e394beab1388e1fc05da9700b3d41b18cfe3256fbc20290b416
_jit_attention_csa_test_20260723_032646/ptoas/rmsnorm_rope_cache_write.pto	47118	baa66115afee1a183e07a8b8955407b629b74659851099a91a077e7b79abb276
_jit_attention_csa_test_20260723_032646/ptoas/rope_cs.pto	19557	9fc80ec53033dd8ae995ee7ac2b0592c744f2aeab357fbb0eafdb01b07dd3259
_jit_attention_csa_test_20260723_032646/ptoas/scatter_softmax_pool.pto	38531	a94b3a06d7f771aa1e5edff2045c23b513b28d0b3f6a8d77a2cda20e9a8987b9
_jit_attention_csa_test_20260723_032646/ptoas/scatter_softmax_pool_0.pto	40171	16b7f9a296469a9d3ef9aceccb96d82b207033d166bc30b256903f8790f7b8aa
_jit_attention_csa_test_20260723_032646/ptoas/score_mat.pto	14294	9a198a60f718e2887ff24628fd15734b5ebf70188a54ea3d9347305583d9ed08
_jit_attention_csa_test_20260723_032646/ptoas/score_reduce.pto	35889	966f34addf7b14d886f2bdd87658fb541bffc29a5551e9d75c5ae66fd7a37ec1
_jit_attention_csa_test_20260723_032646/ptoas/split_pre_post.pto	17659	47bc798b787da9cc5f37051e6423ec04a23f55a9585e27ebe76bf7fbaa0e0267
_jit_attention_csa_test_20260723_032646/ptoas/topk.pto	14460	9a280594670a49dba96498b27036a3aa2c5fc5e3ffb5225e1a7f7ad1305f07c3
_jit_attention_csa_test_20260723_032646/ptoas/weights_proj.pto	12713	09bd9bb3b81504fcfdd6328e3a4f82aee2dd04a960df7cd3bc6f0f035bea81dd
_jit_attention_csa_test_20260723_032646/ptoas/weights_proj_reduce.pto	6437	ca42bde47e674a8c669c063f2689c91b6b958b6ca8cadd069e5d71eeb8ecd497
_jit_prefill_attention_csa_test_20260723_031246/ptoas/build_bias.pto	10378	6e6a5eb5bc58a351255d0ca1f709cd7c8ad1a3aebccbfd033f7c42fa3f20bce4
_jit_prefill_attention_csa_test_20260723_031246/ptoas/comb_sinkhorn.pto	96626	4e85066f7d89bd3f7a308ad1423efdfccf458b118c30e34766fdee6909ff1f65
_jit_prefill_attention_csa_test_20260723_031246/ptoas/gather_kv.pto	9296	3a35a1f3f1525262fdce25deba47163955ea95afa80f5123856b88414af197e8
_jit_prefill_attention_csa_test_20260723_031246/ptoas/hc_post_inactive_pad.pto	2483	49c3e572f4466710fd70feba789682144cb0336267243720ae8ae398f7676093
_jit_prefill_attention_csa_test_20260723_031246/ptoas/hc_post_prefill.pto	35507	2e5f24f73e2c289d30e2ac94fd51e3e6499c2cee151f76f4fa14430abf08a3cb
_jit_prefill_attention_csa_test_20260723_031246/ptoas/hc_pre_linear.pto	12529	c3341cc91f4ab3da661bddb644f23f697e9c84b69d3580d191c304896b85a4b2
_jit_prefill_attention_csa_test_20260723_031246/ptoas/hc_pre_rms.pto	17640	539764fc9462855b9c3ce233d78fbdf308477c4b0abffe247abc6d2d0d1e49a6
_jit_prefill_attention_csa_test_20260723_031246/ptoas/hc_pre_seed.pto	1643	d6218d22a604877e07935109107587f4fcc3a119f88a1fd63ad1b0ad1c8f0cc9
_jit_prefill_attention_csa_test_20260723_031246/ptoas/kv_proj_matmul.pto	18568	a194b79e1f44ec7f432b38b85214acf06b4d6c16dd11aa7ada7f16821d5a00a4
_jit_prefill_attention_csa_test_20260723_031246/ptoas/kv_proj_seed.pto	1903	0ea07b4748d12ab3c8f8d588f11c2c6def1519b5bc354261b5d8c4fee1e2b56a
_jit_prefill_attention_csa_test_20260723_031246/ptoas/kv_rms_norm_rope.pto	53458	67eae6bf0545efc70dc58cdc0b87a557dc2a4d874161bab3fe358f528095311d
_jit_prefill_attention_csa_test_20260723_031246/ptoas/merge_norm.pto	35828	c66de5bd5bcb363f6a0668cc5eab0ec1c36745a9be91cd62450b164c19dbc45d
_jit_prefill_attention_csa_test_20260723_031246/ptoas/mix_x.pto	24708	c5b4112fa7cee447123771fae2a3be6d812b45cf881e5a6efbc8472cfe7baf87
_jit_prefill_attention_csa_test_20260723_031246/ptoas/prefill_c4_cache_write.pto	4727	09b69f3cf1030c15f8c91ef74d421876d212c0fabb4db4ff54d411888fcc153d
_jit_prefill_attention_csa_test_20260723_031246/ptoas/prefill_c4_kv_score_proj.pto	38154	6831feacecaf7311cf8f88e85e2ef310ccdaaafc230fa23fc901b8c3ef532138
_jit_prefill_attention_csa_test_20260723_031246/ptoas/prefill_c4_rmsnorm_rope.pto	45862	32612b94051bcddcce4b6e885f23cb541ae6744e51f10c8b857e35204fa7122d
_jit_prefill_attention_csa_test_20260723_031246/ptoas/prefill_c4_softmax_pool.pto	46471	45b3668167eda5285c47cac6a610b7dea8f17d05717cbbeee4fd79371c8472a9
_jit_prefill_attention_csa_test_20260723_031246/ptoas/prefill_c4_state_update.pto	9597	1de6355443229af7016e133f575fa684972b78354f1fef5cd8701b61ceb3870a
_jit_prefill_attention_csa_test_20260723_031246/ptoas/prefill_c4_write_map.pto	4692	6936057004b186aa5ce76f3ee7c3aec093acc5f870dc6f182b0a261c2ce8c4c7
_jit_prefill_attention_csa_test_20260723_031246/ptoas/prefill_csa_cache_write.pto	2602	cb58158124c99dbf480063c341f29a0a4ca48f1dd575416cf32528d50436cf79
_jit_prefill_attention_csa_test_20260723_031246/ptoas/prefill_csa_idx_halfrope.pto	4991	4ef95c46120c2c9a85beb00aa94dfc2dee46131772f88a302c29d10f94a319b9
_jit_prefill_attention_csa_test_20260723_031246/ptoas/prefill_csa_sparse_idx_tile.pto	7035	8c303deac4f283fafb77c71d4cc757b69efe379f504382cd09152a4ae82dc9eb
_jit_prefill_attention_csa_test_20260723_031246/ptoas/prefill_idx_c4_cache_write.pto	15042	cc6b7490b441701f96b35c6683f8339ed077c52523c21615b275cf283d1362c2
_jit_prefill_attention_csa_test_20260723_031246/ptoas/prefill_idx_c4_kv_hadamard.pto	5254	c429fe2864cc965524b962cf058c870734bbce23e3633810dfed687bdba09e7a
_jit_prefill_attention_csa_test_20260723_031246/ptoas/prefill_idx_c4_kv_score_proj.pto	38836	28bcb3e00d735a5f817ae2af793a0dca8cc5d01444d18430a270765883fb7bb8
_jit_prefill_attention_csa_test_20260723_031246/ptoas/prefill_idx_c4_rmsnorm_rope.pto	47822	b9802f691ae6b79d139d61b7dbd57154fcb1d2ee8f3cd1b0785b24e7108d6282
_jit_prefill_attention_csa_test_20260723_031246/ptoas/prefill_idx_c4_softmax_pool.pto	51606	03fa5f18464026dc078f5dcf3b2b0a3131bc641bdaf974c62949d40553316f9b
_jit_prefill_attention_csa_test_20260723_031246/ptoas/prefill_idx_c4_state_update.pto	9732	d77d2f29e664513e2a8c0f1665fd387ca97e1706a34b10abf3c04ef9341352f9
_jit_prefill_attention_csa_test_20260723_031246/ptoas/prefill_idx_c4_write_map.pto	4996	a037b5d4e1ef963ad081a7ac910fe1b4efe2aaaf6d9dd092e9db2605f614692c
_jit_prefill_attention_csa_test_20260723_031246/ptoas/prefill_idx_qr_hadamard_quant.pto	25394	fc0e938f5d58fc90b7979dcc1736bb47cc289889daa6af2227119346e65efad7
_jit_prefill_attention_csa_test_20260723_031246/ptoas/prefill_idx_qr_proj.pto	18800	04c5731f9feeee1d6eed8edffee0f2c922e69b7c4d61ed8abd0b0ae4040bd6e5
_jit_prefill_attention_csa_test_20260723_031246/ptoas/prefill_idx_qr_rope.pto	29424	c891b08c56ea0488e9961bafe6de9d55fe9ea83ed9e5af2df82c3d8cff2601a3
_jit_prefill_attention_csa_test_20260723_031246/ptoas/prefill_idx_score.pto	22959	b7529b8aa53e4a999f58927b871a95cf97d02035e110199e10d2a5096941328b
_jit_prefill_attention_csa_test_20260723_031246/ptoas/prefill_idx_score_init.pto	1565	2314477f0dd19596755ada42f25558e84351fae0465e2dd1905d4b029e469e70
_jit_prefill_attention_csa_test_20260723_031246/ptoas/prefill_idx_score_out.pto	2022	20f6bd39faf527d7b5b254c2e6c67825be86839b02b6b90268d694a9a7d5b8a8
_jit_prefill_attention_csa_test_20260723_031246/ptoas/prefill_idx_topk.pto	9050	262e08353076909f1a0b4db722f550402c60c18628e744455b4b24acc86fc185
_jit_prefill_attention_csa_test_20260723_031246/ptoas/prefill_idx_weights_proj.pto	14059	d19d3be76f1903c719db8ac9e6da61f692d12ed1c5622bd2308be0bca9a44dd0
_jit_prefill_attention_csa_test_20260723_031246/ptoas/proj_a_mm.pto	26482	82c9451a95c763fd7af4ec46611c6f57b68eef9150a47758deb54240a8e29b34
_jit_prefill_attention_csa_test_20260723_031246/ptoas/proj_b_act.pto	8971	1ed348991556a08239d4ad52cbd63f5de37f16dfb4bdb749d691879dd2cfac3b
_jit_prefill_attention_csa_test_20260723_031246/ptoas/proj_b_mm.pto	15735	66bcf452744ec5358cedc0b1db6c272625c9ec66f6a07aa778768a40bf518af0
_jit_prefill_attention_csa_test_20260723_031246/ptoas/q_rope_prepare.pto	23324	a75c8d9a4295b357868b8da0d9e7f4bb62cdcd648fb2654137449cfed7412bc5
_jit_prefill_attention_csa_test_20260723_031246/ptoas/qk_pv.pto	49979	349cc7e9a045fa8876a7ea4aa31677b93fa3aa008491b85e558364934ff2ff16
_jit_prefill_attention_csa_test_20260723_031246/ptoas/qkv_rope_rows.pto	4231	4939d1e607fbe138e600bb9a6b28e4eeaebdfe2b3af2b04cbfe543b5efa6b07f
_jit_prefill_attention_csa_test_20260723_031246/ptoas/qproj_dequant_rms_nope_rope.pto	42283	b7b74d5ee9404ac09fc6d2b6c0854ac9c964f4bc825ea8826a96317bc6a30a84
_jit_prefill_attention_csa_test_20260723_031246/ptoas/qproj_matmul.pto	20373	9130cf3cfbe3c544304e39863ed41e5a9844beb5ae9f6b21c81eecb387fd8ca3
_jit_prefill_attention_csa_test_20260723_031246/ptoas/qr_proj_matmul.pto	18558	4f7a6bd25a58892abc490bb5b31933efbba6c89b0c11f7927227e02167e656b6
_jit_prefill_attention_csa_test_20260723_031246/ptoas/qr_proj_seed.pto	1907	9248d152110eb3fb3c09dd39319cc1fe36915f1b1945f7bc86d196c11ce4c713
_jit_prefill_attention_csa_test_20260723_031246/ptoas/qr_rms_norm_quant.pto	39190	f1c63fa214c06626f145411030b8e3349d31a1ea0398bd84179c6c91258b7a11
_jit_prefill_attention_csa_test_20260723_031246/ptoas/quant.pto	11801	007cac12b434891d82873292d3f4917cd7f7833afe361bdc0a635c4374eb6d51
_jit_prefill_attention_csa_test_20260723_031246/ptoas/rms_norm.pto	22025	e58313c9cefb76ae80b34cdd67e79e8a5d2fe93811eca1a51f2ec28ecd0cf0ca
_jit_prefill_attention_csa_test_20260723_031246/ptoas/rope.pto	19609	1a3df7f6d75648f0552a1ec941637582c20beb9d9b9169c6d373e5013f8730f8
_jit_prefill_attention_csa_test_20260723_031246/ptoas/rope_cs.pto	20089	62086035fed1079dfbdc9d2dc5240c951d5e8afd5f608a2aa3a2bb2eb0687cd2
_jit_prefill_attention_csa_test_20260723_031246/ptoas/split_pre_post.pto	17712	5849c77c46a9d9d8d650b594c289447afd33a0eeba860e2ac2e1ef1726075ea5
_jit_qkv_proj_rope_test_20260723_031029/ptoas/kv_proj_matmul.pto	18483	a0271a2ec4ac5f70b5e9e4d379b9a2d93d2dda420445786516e41f804e017f3b
_jit_qkv_proj_rope_test_20260723_031029/ptoas/kv_proj_seed.pto	1887	273738699b2854c3eb68ff282351deab87445f50c49de7a7b10305adcdc4b44a
_jit_qkv_proj_rope_test_20260723_031029/ptoas/kv_rms_norm_rope.pto	53241	d631dd589c2144c7d690709d0f42108d8b2d82ce9a77d4a79be4942330301d4f
_jit_qkv_proj_rope_test_20260723_031029/ptoas/q_rope_prepare.pto	23218	19ec6dc217cb2f23bac0edf4ae9f5434ed983b4503dbaf356a2367c6929bcc1b
_jit_qkv_proj_rope_test_20260723_031029/ptoas/qproj_dequant_rms_nope_rope.pto	42096	99e931c025cb652147cc57bf7ebc582ef8dfc23624eea0453f3fd44e2893b699
_jit_qkv_proj_rope_test_20260723_031029/ptoas/qproj_matmul.pto	20272	78e80500889e30f7ccc69159b2c8f61cc6a2abb4cc5fda76a00ef2e7151d6fce
_jit_qkv_proj_rope_test_20260723_031029/ptoas/qr_proj_matmul.pto	18501	0233b6665014e39703803b81e0ce926647a55cfeefd2bdece25dfd16362995f3
_jit_qkv_proj_rope_test_20260723_031029/ptoas/qr_proj_seed.pto	1899	b08db81827342f5411b8ab52b3c74211e068a8c3b48f7376e0bf8a533a5bd5cf
_jit_qkv_proj_rope_test_20260723_031029/ptoas/qr_rms_norm_quant.pto	39017	79e500b602997bf707b59c3ac8803918f9e09cf91d10e85fabc12cac8a7a44a2
_jit_qkv_proj_rope_test_20260723_031234/ptoas/kv_proj_matmul.pto	18484	ad0d3fc06634bc4b8d5a8906a3a7201327fc9853eafc773855c83c614a262fc5
_jit_qkv_proj_rope_test_20260723_031234/ptoas/kv_proj_seed.pto	1887	237c35b3fb316f19290f1897921067ff775a6d2763f42f444c74b579ed185e9d
_jit_qkv_proj_rope_test_20260723_031234/ptoas/kv_rms_norm_rope.pto	53256	b0fe4634d64e3401bd320226a12eee4b6b0b8d7b36937f566a2ae6c4e5e2d948
_jit_qkv_proj_rope_test_20260723_031234/ptoas/q_rope_prepare.pto	23215	0ead3b5cd111f7ac783205882345db587d7aa5f198cd7f2a4f3c2e013eac865b
_jit_qkv_proj_rope_test_20260723_031234/ptoas/qproj_dequant_rms_nope_rope.pto	42105	8a49404a6f640bd335637f1084a69389561d3daca2387d7007397ecd8ba0e2e1
_jit_qkv_proj_rope_test_20260723_031234/ptoas/qproj_matmul.pto	20272	b305ff7ae2b4181a6abb2d1689315c68a506fb4f8329b8bd0037c31301d64480
_jit_qkv_proj_rope_test_20260723_031234/ptoas/qr_proj_matmul.pto	18481	7063adddb12ba85e5f9c804de51f6706352ef1304ccea9ee9a9c18c75dcdef29
_jit_qkv_proj_rope_test_20260723_031234/ptoas/qr_proj_seed.pto	1895	3385ef495d60951b80b4ca2840b1a18fa8d36ab702d655d73ebf6ea3e38709e8
_jit_qkv_proj_rope_test_20260723_031234/ptoas/qr_rms_norm_quant.pto	39012	5ad91a5c8fdcb0a37af59ce599ccc2a04222d12de2062159406fc5eddf928257
_jit_rms_norm_test_20260723_030917/ptoas/rms_norm.pto	21758	8a189311bc16b2b7b17620a695e93958feeb817c567bc3b7fd0b724c893d25b2
_jit_rms_norm_test_20260723_030929/ptoas/rms_norm.pto	21761	af9a7648e49427ef51028fbcf1f5b1f771ae4cd1470b487b907624f74fc63759
