category	case
decode_fa	_jit_attention_csa_test_20260723_032646/ptoas/comb_sinkhorn.pto
decode_fa	_jit_attention_csa_test_20260723_032646/ptoas/qk_pv.pto
decode_rmsnorm_rope	_jit_attention_csa_test_20260723_032646/ptoas/rmsnorm_rope.pto
decode_rmsnorm	_jit_attention_csa_test_20260723_032646/ptoas/rms_norm.pto
prefill_softmax	_jit_prefill_attention_csa_test_20260723_031246/ptoas/prefill_c4_softmax_pool.pto
prefill_rope	_jit_prefill_attention_csa_test_20260723_031246/ptoas/rope.pto
prefill_rmsnorm	_jit_prefill_attention_csa_test_20260723_031246/ptoas/merge_norm.pto
prefill_gather	_jit_prefill_attention_csa_test_20260723_031246/ptoas/gather_kv.pto

