status	case	seconds	input_sha256	output	phase_ir	residual_vmi_ops	diagnostic
PASS	_jit_attention_csa_test_20260723_032646/ptoas/comb_sinkhorn.pto	195	d1e8b19ff01b531b091af5fd3d39a991f0430fba19e9095680d5fbbe65bf0c1d	artifacts/15eee8625f223d9ec497744f49e38c0e294dc583/final-vpto/_jit_attention_csa_test_20260723_032646/ptoas/comb_sinkhorn.pto.vpto.mlir	artifacts/15eee8625f223d9ec497744f49e38c0e294dc583/all-phase-ir/_jit_attention_csa_test_20260723_032646/ptoas/comb_sinkhorn	0	TileLib daemon 'ptodsl.tilelib.serving.daemon' started (pid=47034, socket=/tmp/tilelib_daemon_47033.sock) Info: ptodsl TileLib daemon started successfully TileLib daemon stopped (pid=47034)
PASS	_jit_attention_csa_test_20260723_032646/ptoas/csa_cache_writeback.pto	4	32f9596913a4a506ef7c35543cb2db92d6b5628dfc6c10046494bec86bd0afc5	artifacts/15eee8625f223d9ec497744f49e38c0e294dc583/final-vpto/_jit_attention_csa_test_20260723_032646/ptoas/csa_cache_writeback.pto.vpto.mlir	artifacts/15eee8625f223d9ec497744f49e38c0e294dc583/all-phase-ir/_jit_attention_csa_test_20260723_032646/ptoas/csa_cache_writeback	0	TileLib daemon 'ptodsl.tilelib.serving.daemon' started (pid=47356, socket=/tmp/tilelib_daemon_47353.sock) Info: ptodsl TileLib daemon started successfully TileLib daemon stopped (pid=47356)
PASS	_jit_attention_csa_test_20260723_032646/ptoas/csa_cmp_rope.pto	10	ab2f356c95fd0972385a685fb9ce936e2e6eef78400e39030f2ada94137b24e3	artifacts/15eee8625f223d9ec497744f49e38c0e294dc583/final-vpto/_jit_attention_csa_test_20260723_032646/ptoas/csa_cmp_rope.pto.vpto.mlir	artifacts/15eee8625f223d9ec497744f49e38c0e294dc583/all-phase-ir/_jit_attention_csa_test_20260723_032646/ptoas/csa_cmp_rope	0	TileLib daemon 'ptodsl.tilelib.serving.daemon' started (pid=47363, socket=/tmp/tilelib_daemon_47362.sock) Info: ptodsl TileLib daemon started successfully TileLib daemon stopped (pid=47363)
PASS	_jit_attention_csa_test_20260723_032646/ptoas/csa_rope_step.pto	22	d1928295b47dddcd6af9a07a4a447978cf1a255add978fd078375fc043d7f1f7	artifacts/15eee8625f223d9ec497744f49e38c0e294dc583/final-vpto/_jit_attention_csa_test_20260723_032646/ptoas/csa_rope_step.pto.vpto.mlir	artifacts/15eee8625f223d9ec497744f49e38c0e294dc583/all-phase-ir/_jit_attention_csa_test_20260723_032646/ptoas/csa_rope_step	0	TileLib daemon 'ptodsl.tilelib.serving.daemon' started (pid=47381, socket=/tmp/tilelib_daemon_47378.sock) Info: ptodsl TileLib daemon started successfully TileLib daemon stopped (pid=47381)
PASS	_jit_attention_csa_test_20260723_032646/ptoas/csa_slots_build_valid_qk_plan.pto	53	8b1ec12c6cf930d2ed394af2b20fab46ec1ee9341f10b7ac846c2bebd792d333	artifacts/15eee8625f223d9ec497744f49e38c0e294dc583/final-vpto/_jit_attention_csa_test_20260723_032646/ptoas/csa_slots_build_valid_qk_plan.pto.vpto.mlir	artifacts/15eee8625f223d9ec497744f49e38c0e294dc583/all-phase-ir/_jit_attention_csa_test_20260723_032646/ptoas/csa_slots_build_valid_qk_plan	0	TileLib daemon 'ptodsl.tilelib.serving.daemon' started (pid=47423, socket=/tmp/tilelib_daemon_47420.sock) Info: ptodsl TileLib daemon started successfully TileLib daemon stopped (pid=47423)
PASS	_jit_attention_csa_test_20260723_032646/ptoas/hc_post.pto	73	d9df9ffe5a2d6875dd7c3224e09c028ec868ebe0bf3c3acedce967246854c9be	artifacts/15eee8625f223d9ec497744f49e38c0e294dc583/final-vpto/_jit_attention_csa_test_20260723_032646/ptoas/hc_post.pto.vpto.mlir	artifacts/15eee8625f223d9ec497744f49e38c0e294dc583/all-phase-ir/_jit_attention_csa_test_20260723_032646/ptoas/hc_post	0	TileLib daemon 'ptodsl.tilelib.serving.daemon' started (pid=47505, socket=/tmp/tilelib_daemon_47502.sock) Info: ptodsl TileLib daemon started successfully TileLib daemon stopped (pid=47505)
PASS	_jit_attention_csa_test_20260723_032646/ptoas/hc_pre_linear.pto	22	ea1f46ca8f2fd598f4da66ac50852a994d43d72fa43779cc6cf1b924abb89c8b	artifacts/15eee8625f223d9ec497744f49e38c0e294dc583/final-vpto/_jit_attention_csa_test_20260723_032646/ptoas/hc_pre_linear.pto.vpto.mlir	artifacts/15eee8625f223d9ec497744f49e38c0e294dc583/all-phase-ir/_jit_attention_csa_test_20260723_032646/ptoas/hc_pre_linear	0	TileLib daemon 'ptodsl.tilelib.serving.daemon' started (pid=47616, socket=/tmp/tilelib_daemon_47613.sock) Info: ptodsl TileLib daemon started successfully TileLib daemon stopped (pid=47616)
PASS	_jit_attention_csa_test_20260723_032646/ptoas/hc_pre_rms.pto	33	24ade7bf9ad7a52759931ff7cf018185020b38f3dc1cf854197831ccc2fa6638	artifacts/15eee8625f223d9ec497744f49e38c0e294dc583/final-vpto/_jit_attention_csa_test_20260723_032646/ptoas/hc_pre_rms.pto.vpto.mlir	artifacts/15eee8625f223d9ec497744f49e38c0e294dc583/all-phase-ir/_jit_attention_csa_test_20260723_032646/ptoas/hc_pre_rms	0	TileLib daemon 'ptodsl.tilelib.serving.daemon' started (pid=47657, socket=/tmp/tilelib_daemon_47654.sock) Info: ptodsl TileLib daemon started successfully TileLib daemon stopped (pid=47657)
PASS	_jit_attention_csa_test_20260723_032646/ptoas/hc_pre_seed.pto	4	777c4379059f3af5b94bae38a3258a9e1ccb367b28f70533f6f66bb7eef7efbe	artifacts/15eee8625f223d9ec497744f49e38c0e294dc583/final-vpto/_jit_attention_csa_test_20260723_032646/ptoas/hc_pre_seed.pto.vpto.mlir	artifacts/15eee8625f223d9ec497744f49e38c0e294dc583/all-phase-ir/_jit_attention_csa_test_20260723_032646/ptoas/hc_pre_seed	0	TileLib daemon 'ptodsl.tilelib.serving.daemon' started (pid=47715, socket=/tmp/tilelib_daemon_47712.sock) Info: ptodsl TileLib daemon started successfully TileLib daemon stopped (pid=47715)
PASS	_jit_attention_csa_test_20260723_032646/ptoas/idx_qr_proj_dequant.pto	12	0c74f061e18895c3f4bf536f038c3745963a20d27809cf3adbf5eadd9135516c	artifacts/15eee8625f223d9ec497744f49e38c0e294dc583/final-vpto/_jit_attention_csa_test_20260723_032646/ptoas/idx_qr_proj_dequant.pto.vpto.mlir	artifacts/15eee8625f223d9ec497744f49e38c0e294dc583/all-phase-ir/_jit_attention_csa_test_20260723_032646/ptoas/idx_qr_proj_dequant	0	TileLib daemon 'ptodsl.tilelib.serving.daemon' started (pid=47724, socket=/tmp/tilelib_daemon_47723.sock) Info: ptodsl TileLib daemon started successfully TileLib daemon stopped (pid=47724)
PASS	_jit_attention_csa_test_20260723_032646/ptoas/idx_qr_proj_matmul.pto	37	33d52a88ca5618ad3688d9893f251bdcb9676f352d86e91bc02eee0e838f692d	artifacts/15eee8625f223d9ec497744f49e38c0e294dc583/final-vpto/_jit_attention_csa_test_20260723_032646/ptoas/idx_qr_proj_matmul.pto.vpto.mlir	artifacts/15eee8625f223d9ec497744f49e38c0e294dc583/all-phase-ir/_jit_attention_csa_test_20260723_032646/ptoas/idx_qr_proj_matmul	0	TileLib daemon 'ptodsl.tilelib.serving.daemon' started (pid=47744, socket=/tmp/tilelib_daemon_47741.sock) Info: ptodsl TileLib daemon started successfully TileLib daemon stopped (pid=47744)
PASS	_jit_attention_csa_test_20260723_032646/ptoas/kv_and_cache_write.pto	27	da472432090e3dd7a8f46bb1c5efd4142ff2caff0a6a53a6b96a171fb8c12d29	artifacts/15eee8625f223d9ec497744f49e38c0e294dc583/final-vpto/_jit_attention_csa_test_20260723_032646/ptoas/kv_and_cache_write.pto.vpto.mlir	artifacts/15eee8625f223d9ec497744f49e38c0e294dc583/all-phase-ir/_jit_attention_csa_test_20260723_032646/ptoas/kv_and_cache_write	0	TileLib daemon 'ptodsl.tilelib.serving.daemon' started (pid=47805, socket=/tmp/tilelib_daemon_47802.sock) Info: ptodsl TileLib daemon started successfully TileLib daemon stopped (pid=47805)
PASS	_jit_attention_csa_test_20260723_032646/ptoas/kv_hadamard.pto	10	7f83d70fe9702d3755b5eb30337acdaef18c8e48bcbc6e606b1a30d597f4f7df	artifacts/15eee8625f223d9ec497744f49e38c0e294dc583/final-vpto/_jit_attention_csa_test_20260723_032646/ptoas/kv_hadamard.pto.vpto.mlir	artifacts/15eee8625f223d9ec497744f49e38c0e294dc583/all-phase-ir/_jit_attention_csa_test_20260723_032646/ptoas/kv_hadamard	0	TileLib daemon 'ptodsl.tilelib.serving.daemon' started (pid=47846, socket=/tmp/tilelib_daemon_47843.sock) Info: ptodsl TileLib daemon started successfully TileLib daemon stopped (pid=47846)
PASS	_jit_attention_csa_test_20260723_032646/ptoas/kv_proj_matmul.pto	36	4073c3f6a440b35b639c26e1f9cd6bd8d68fe408acf4f9e44a3e2d059d9f23c6	artifacts/15eee8625f223d9ec497744f49e38c0e294dc583/final-vpto/_jit_attention_csa_test_20260723_032646/ptoas/kv_proj_matmul.pto.vpto.mlir	artifacts/15eee8625f223d9ec497744f49e38c0e294dc583/all-phase-ir/_jit_attention_csa_test_20260723_032646/ptoas/kv_proj_matmul	0	TileLib daemon 'ptodsl.tilelib.serving.daemon' started (pid=47864, socket=/tmp/tilelib_daemon_47861.sock) Info: ptodsl TileLib daemon started successfully TileLib daemon stopped (pid=47864)
PASS	_jit_attention_csa_test_20260723_032646/ptoas/kv_proj_seed.pto	4	8ee6f2479031d2b9148ffef89e7a0cb8efa2a588dd7fc33899817f14053ecbaf	artifacts/15eee8625f223d9ec497744f49e38c0e294dc583/final-vpto/_jit_attention_csa_test_20260723_032646/ptoas/kv_proj_seed.pto.vpto.mlir	artifacts/15eee8625f223d9ec497744f49e38c0e294dc583/all-phase-ir/_jit_attention_csa_test_20260723_032646/ptoas/kv_proj_seed	0	TileLib daemon 'ptodsl.tilelib.serving.daemon' started (pid=47922, socket=/tmp/tilelib_daemon_47919.sock) Info: ptodsl TileLib daemon started successfully TileLib daemon stopped (pid=47922)
PASS	_jit_attention_csa_test_20260723_032646/ptoas/kv_rms_norm_rope.pto	106	5e13a2d00eafabdb25adf976f97082f37b9073b36b078daaf525ba3259e7da30	artifacts/15eee8625f223d9ec497744f49e38c0e294dc583/final-vpto/_jit_attention_csa_test_20260723_032646/ptoas/kv_rms_norm_rope.pto.vpto.mlir	artifacts/15eee8625f223d9ec497744f49e38c0e294dc583/all-phase-ir/_jit_attention_csa_test_20260723_032646/ptoas/kv_rms_norm_rope	0	TileLib daemon 'ptodsl.tilelib.serving.daemon' started (pid=47929, socket=/tmp/tilelib_daemon_47928.sock) Info: ptodsl TileLib daemon started successfully TileLib daemon stopped (pid=47929)
PASS	_jit_attention_csa_test_20260723_032646/ptoas/kv_score_proj.pto	67	f377e459fbc202a8260f3649cc6442b9a5bd2d726365a674b6839c09c0d9b0c7	artifacts/15eee8625f223d9ec497744f49e38c0e294dc583/final-vpto/_jit_attention_csa_test_20260723_032646/ptoas/kv_score_proj.pto.vpto.mlir	artifacts/15eee8625f223d9ec497744f49e38c0e294dc583/all-phase-ir/_jit_attention_csa_test_20260723_032646/ptoas/kv_score_proj	0	TileLib daemon 'ptodsl.tilelib.serving.daemon' started (pid=48127, socket=/tmp/tilelib_daemon_48124.sock) Info: ptodsl TileLib daemon started successfully TileLib daemon stopped (pid=48127)
PASS	_jit_attention_csa_test_20260723_032646/ptoas/kv_score_proj_0.pto	35	c8519fad6975152cf677915a0396cd921002a55802960a70a22828cf066ff799	artifacts/15eee8625f223d9ec497744f49e38c0e294dc583/final-vpto/_jit_attention_csa_test_20260723_032646/ptoas/kv_score_proj_0.pto.vpto.mlir	artifacts/15eee8625f223d9ec497744f49e38c0e294dc583/all-phase-ir/_jit_attention_csa_test_20260723_032646/ptoas/kv_score_proj_0	0	TileLib daemon 'ptodsl.tilelib.serving.daemon' started (pid=48236, socket=/tmp/tilelib_daemon_48233.sock) Info: ptodsl TileLib daemon started successfully TileLib daemon stopped (pid=48236)
PASS	_jit_attention_csa_test_20260723_032646/ptoas/kv_touch.pto	4	d0c9f8fef3a5c884586c37f5c52a1302d0627f6bcd7cfefa397981cb3febcc97	artifacts/15eee8625f223d9ec497744f49e38c0e294dc583/final-vpto/_jit_attention_csa_test_20260723_032646/ptoas/kv_touch.pto.vpto.mlir	artifacts/15eee8625f223d9ec497744f49e38c0e294dc583/all-phase-ir/_jit_attention_csa_test_20260723_032646/ptoas/kv_touch	0	TileLib daemon 'ptodsl.tilelib.serving.daemon' started (pid=48289, socket=/tmp/tilelib_daemon_48286.sock) Info: ptodsl TileLib daemon started successfully TileLib daemon stopped (pid=48289)
PASS	_jit_attention_csa_test_20260723_032646/ptoas/merge_norm.pto	79	e3775ff6b026268c7edd83dc9b02c1e9ba5bceb1ef1b11e1b3e356e571f33da3	artifacts/15eee8625f223d9ec497744f49e38c0e294dc583/final-vpto/_jit_attention_csa_test_20260723_032646/ptoas/merge_norm.pto.vpto.mlir	artifacts/15eee8625f223d9ec497744f49e38c0e294dc583/all-phase-ir/_jit_attention_csa_test_20260723_032646/ptoas/merge_norm	0	TileLib daemon 'ptodsl.tilelib.serving.daemon' started (pid=48297, socket=/tmp/tilelib_daemon_48296.sock) Info: ptodsl TileLib daemon started successfully TileLib daemon stopped (pid=48297)
PASS	_jit_attention_csa_test_20260723_032646/ptoas/mix_x.pto	43	04b0ad82120c982cbfab33173d31c1407e8031767e07adc80b5a0dd8e2ee60fb	artifacts/15eee8625f223d9ec497744f49e38c0e294dc583/final-vpto/_jit_attention_csa_test_20260723_032646/ptoas/mix_x.pto.vpto.mlir	artifacts/15eee8625f223d9ec497744f49e38c0e294dc583/all-phase-ir/_jit_attention_csa_test_20260723_032646/ptoas/mix_x	0	TileLib daemon 'ptodsl.tilelib.serving.daemon' started (pid=48422, socket=/tmp/tilelib_daemon_48419.sock) Info: ptodsl TileLib daemon started successfully TileLib daemon stopped (pid=48422)
PASS	_jit_attention_csa_test_20260723_032646/ptoas/proj_a_mm.pto	51	22dfaf085e920071180888d21a507f1567d724368830d812a6da3ddb4cd4e279	artifacts/15eee8625f223d9ec497744f49e38c0e294dc583/final-vpto/_jit_attention_csa_test_20260723_032646/ptoas/proj_a_mm.pto.vpto.mlir	artifacts/15eee8625f223d9ec497744f49e38c0e294dc583/all-phase-ir/_jit_attention_csa_test_20260723_032646/ptoas/proj_a_mm	0	TileLib daemon 'ptodsl.tilelib.serving.daemon' started (pid=48491, socket=/tmp/tilelib_daemon_48488.sock) Info: ptodsl TileLib daemon started successfully TileLib daemon stopped (pid=48491)
PASS	_jit_attention_csa_test_20260723_032646/ptoas/proj_b_act.pto	24	40624f96feef649ab22d79291b5189d095bdfd66540107fe6dd8392da86e0635	artifacts/15eee8625f223d9ec497744f49e38c0e294dc583/final-vpto/_jit_attention_csa_test_20260723_032646/ptoas/proj_b_act.pto.vpto.mlir	artifacts/15eee8625f223d9ec497744f49e38c0e294dc583/all-phase-ir/_jit_attention_csa_test_20260723_032646/ptoas/proj_b_act	0	TileLib daemon 'ptodsl.tilelib.serving.daemon' started (pid=48574, socket=/tmp/tilelib_daemon_48571.sock) Info: ptodsl TileLib daemon started successfully TileLib daemon stopped (pid=48574)
PASS	_jit_attention_csa_test_20260723_032646/ptoas/proj_b_mm.pto	39	774bbfc38e0c177005c988fb2260ff2bed3231c722f61cd5af7a30031a691ffc	artifacts/15eee8625f223d9ec497744f49e38c0e294dc583/final-vpto/_jit_attention_csa_test_20260723_032646/ptoas/proj_b_mm.pto.vpto.mlir	artifacts/15eee8625f223d9ec497744f49e38c0e294dc583/all-phase-ir/_jit_attention_csa_test_20260723_032646/ptoas/proj_b_mm	0	TileLib daemon 'ptodsl.tilelib.serving.daemon' started (pid=48612, socket=/tmp/tilelib_daemon_48609.sock) Info: ptodsl TileLib daemon started successfully TileLib daemon stopped (pid=48612)
PASS	_jit_attention_csa_test_20260723_032646/ptoas/q_rope_prepare.pto	43	c7c0283c6b49b9e60a044cf76e98c76e5e59ce1bf1150cd716eb2e7cb83e392f	artifacts/15eee8625f223d9ec497744f49e38c0e294dc583/final-vpto/_jit_attention_csa_test_20260723_032646/ptoas/q_rope_prepare.pto.vpto.mlir	artifacts/15eee8625f223d9ec497744f49e38c0e294dc583/all-phase-ir/_jit_attention_csa_test_20260723_032646/ptoas/q_rope_prepare	0	TileLib daemon 'ptodsl.tilelib.serving.daemon' started (pid=48678, socket=/tmp/tilelib_daemon_48674.sock) Info: ptodsl TileLib daemon started successfully TileLib daemon stopped (pid=48678)
PASS	_jit_attention_csa_test_20260723_032646/ptoas/qk_pv.pto	72	90fb126e1a3f52e863dcc24bfe42c6a865142bd7c2385b7dc7bf7bc3692b66fb	artifacts/15eee8625f223d9ec497744f49e38c0e294dc583/final-vpto/_jit_attention_csa_test_20260723_032646/ptoas/qk_pv.pto.vpto.mlir	artifacts/15eee8625f223d9ec497744f49e38c0e294dc583/all-phase-ir/_jit_attention_csa_test_20260723_032646/ptoas/qk_pv	0	TileLib daemon 'ptodsl.tilelib.serving.daemon' started (pid=48744, socket=/tmp/tilelib_daemon_48741.sock) Info: ptodsl TileLib daemon started successfully TileLib daemon stopped (pid=48744)
PASS	_jit_attention_csa_test_20260723_032646/ptoas/qproj_dequant_rms_nope_rope.pto	71	150dcc7ab98279c6946eace5a6b222e7605efc13a6d466cac1d5a493b13e3cb9	artifacts/15eee8625f223d9ec497744f49e38c0e294dc583/final-vpto/_jit_attention_csa_test_20260723_032646/ptoas/qproj_dequant_rms_nope_rope.pto.vpto.mlir	artifacts/15eee8625f223d9ec497744f49e38c0e294dc583/all-phase-ir/_jit_attention_csa_test_20260723_032646/ptoas/qproj_dequant_rms_nope_rope	0	TileLib daemon 'ptodsl.tilelib.serving.daemon' started (pid=48875, socket=/tmp/tilelib_daemon_48872.sock) Info: ptodsl TileLib daemon started successfully TileLib daemon stopped (pid=48875)
PASS	_jit_attention_csa_test_20260723_032646/ptoas/qproj_matmul.pto	37	dbac01ce7c570a9bf66ee8976170b58c50665394c4936648def602f352aa07ca	artifacts/15eee8625f223d9ec497744f49e38c0e294dc583/final-vpto/_jit_attention_csa_test_20260723_032646/ptoas/qproj_matmul.pto.vpto.mlir	artifacts/15eee8625f223d9ec497744f49e38c0e294dc583/all-phase-ir/_jit_attention_csa_test_20260723_032646/ptoas/qproj_matmul	0	TileLib daemon 'ptodsl.tilelib.serving.daemon' started (pid=48982, socket=/tmp/tilelib_daemon_48979.sock) Info: ptodsl TileLib daemon started successfully TileLib daemon stopped (pid=48982)
PASS	_jit_attention_csa_test_20260723_032646/ptoas/qr_hadamard_matmul.pto	10	ab510cd9de0b3abaad0f6ab85036ca534254f46934aecc3d7c4321cf1bd651b9	artifacts/15eee8625f223d9ec497744f49e38c0e294dc583/final-vpto/_jit_attention_csa_test_20260723_032646/ptoas/qr_hadamard_matmul.pto.vpto.mlir	artifacts/15eee8625f223d9ec497744f49e38c0e294dc583/all-phase-ir/_jit_attention_csa_test_20260723_032646/ptoas/qr_hadamard_matmul	0	TileLib daemon 'ptodsl.tilelib.serving.daemon' started (pid=49038, socket=/tmp/tilelib_daemon_49035.sock) Info: ptodsl TileLib daemon started successfully TileLib daemon stopped (pid=49038)
PASS	_jit_attention_csa_test_20260723_032646/ptoas/qr_hadamard_quant.pto	25	3b1a2c5b806d7b566570c29913f3dd86388b2b820f3150e96a1c2f2c08b10bbe	artifacts/15eee8625f223d9ec497744f49e38c0e294dc583/final-vpto/_jit_attention_csa_test_20260723_032646/ptoas/qr_hadamard_quant.pto.vpto.mlir	artifacts/15eee8625f223d9ec497744f49e38c0e294dc583/all-phase-ir/_jit_attention_csa_test_20260723_032646/ptoas/qr_hadamard_quant	0	TileLib daemon 'ptodsl.tilelib.serving.daemon' started (pid=49063, socket=/tmp/tilelib_daemon_49060.sock) Info: ptodsl TileLib daemon started successfully TileLib daemon stopped (pid=49063)
PASS	_jit_attention_csa_test_20260723_032646/ptoas/qr_proj_matmul.pto	36	f0e0b684ff862f7d91f74178fec06ecfc0972b4b71abdb278fec5a03bd2dd2fd	artifacts/15eee8625f223d9ec497744f49e38c0e294dc583/final-vpto/_jit_attention_csa_test_20260723_032646/ptoas/qr_proj_matmul.pto.vpto.mlir	artifacts/15eee8625f223d9ec497744f49e38c0e294dc583/all-phase-ir/_jit_attention_csa_test_20260723_032646/ptoas/qr_proj_matmul	0	TileLib daemon 'ptodsl.tilelib.serving.daemon' started (pid=49102, socket=/tmp/tilelib_daemon_49099.sock) Info: ptodsl TileLib daemon started successfully TileLib daemon stopped (pid=49102)
PASS	_jit_attention_csa_test_20260723_032646/ptoas/qr_proj_seed.pto	4	179ceb369fa2a3bbf1e0aa67f77fd6dc0b609e16deb0e8512241f0b0defe29e9	artifacts/15eee8625f223d9ec497744f49e38c0e294dc583/final-vpto/_jit_attention_csa_test_20260723_032646/ptoas/qr_proj_seed.pto.vpto.mlir	artifacts/15eee8625f223d9ec497744f49e38c0e294dc583/all-phase-ir/_jit_attention_csa_test_20260723_032646/ptoas/qr_proj_seed	0	TileLib daemon 'ptodsl.tilelib.serving.daemon' started (pid=49172, socket=/tmp/tilelib_daemon_49169.sock) Info: ptodsl TileLib daemon started successfully TileLib daemon stopped (pid=49172)
PASS	_jit_attention_csa_test_20260723_032646/ptoas/qr_rms_norm_quant.pto	83	03d782dee6b3c02b07afc239304ea24975cf43467af534072be03119ab370e16	artifacts/15eee8625f223d9ec497744f49e38c0e294dc583/final-vpto/_jit_attention_csa_test_20260723_032646/ptoas/qr_rms_norm_quant.pto.vpto.mlir	artifacts/15eee8625f223d9ec497744f49e38c0e294dc583/all-phase-ir/_jit_attention_csa_test_20260723_032646/ptoas/qr_rms_norm_quant	0	TileLib daemon 'ptodsl.tilelib.serving.daemon' started (pid=49180, socket=/tmp/tilelib_daemon_49179.sock) Info: ptodsl TileLib daemon started successfully TileLib daemon stopped (pid=49180)
PASS	_jit_attention_csa_test_20260723_032646/ptoas/qr_rope.pto	59	24e6211e8a521e4c9f148d4e564477c10d98e13745cd2ab843ad1489f4f989cb	artifacts/15eee8625f223d9ec497744f49e38c0e294dc583/final-vpto/_jit_attention_csa_test_20260723_032646/ptoas/qr_rope.pto.vpto.mlir	artifacts/15eee8625f223d9ec497744f49e38c0e294dc583/all-phase-ir/_jit_attention_csa_test_20260723_032646/ptoas/qr_rope	0	TileLib daemon 'ptodsl.tilelib.serving.daemon' started (pid=49303, socket=/tmp/tilelib_daemon_49300.sock) Info: ptodsl TileLib daemon started successfully TileLib daemon stopped (pid=49303)
PASS	_jit_attention_csa_test_20260723_032646/ptoas/quant.pto	28	f52ff334321a2a993ccb24e595d2ee494ddca001241b57c68a22915716818b56	artifacts/15eee8625f223d9ec497744f49e38c0e294dc583/final-vpto/_jit_attention_csa_test_20260723_032646/ptoas/quant.pto.vpto.mlir	artifacts/15eee8625f223d9ec497744f49e38c0e294dc583/all-phase-ir/_jit_attention_csa_test_20260723_032646/ptoas/quant	0	TileLib daemon 'ptodsl.tilelib.serving.daemon' started (pid=49396, socket=/tmp/tilelib_daemon_49393.sock) Info: ptodsl TileLib daemon started successfully TileLib daemon stopped (pid=49396)
PASS	_jit_attention_csa_test_20260723_032646/ptoas/rms_norm.pto	46	7269ac8b43b6087cfcf650c2fea14f35ac0865e2bee2ecab05c21d6245259382	artifacts/15eee8625f223d9ec497744f49e38c0e294dc583/final-vpto/_jit_attention_csa_test_20260723_032646/ptoas/rms_norm.pto.vpto.mlir	artifacts/15eee8625f223d9ec497744f49e38c0e294dc583/all-phase-ir/_jit_attention_csa_test_20260723_032646/ptoas/rms_norm	0	TileLib daemon 'ptodsl.tilelib.serving.daemon' started (pid=49442, socket=/tmp/tilelib_daemon_49439.sock) Info: ptodsl TileLib daemon started successfully TileLib daemon stopped (pid=49442)
PASS	_jit_attention_csa_test_20260723_032646/ptoas/rmsnorm_rope.pto	84	2b569e1beb8c5e394beab1388e1fc05da9700b3d41b18cfe3256fbc20290b416	artifacts/15eee8625f223d9ec497744f49e38c0e294dc583/final-vpto/_jit_attention_csa_test_20260723_032646/ptoas/rmsnorm_rope.pto.vpto.mlir	artifacts/15eee8625f223d9ec497744f49e38c0e294dc583/all-phase-ir/_jit_attention_csa_test_20260723_032646/ptoas/rmsnorm_rope	0	TileLib daemon 'ptodsl.tilelib.serving.daemon' started (pid=49510, socket=/tmp/tilelib_daemon_49507.sock) Info: ptodsl TileLib daemon started successfully TileLib daemon stopped (pid=49510)
PASS	_jit_attention_csa_test_20260723_032646/ptoas/rmsnorm_rope_cache_write.pto	87	baa66115afee1a183e07a8b8955407b629b74659851099a91a077e7b79abb276	artifacts/15eee8625f223d9ec497744f49e38c0e294dc583/final-vpto/_jit_attention_csa_test_20260723_032646/ptoas/rmsnorm_rope_cache_write.pto.vpto.mlir	artifacts/15eee8625f223d9ec497744f49e38c0e294dc583/all-phase-ir/_jit_attention_csa_test_20260723_032646/ptoas/rmsnorm_rope_cache_write	0	TileLib daemon 'ptodsl.tilelib.serving.daemon' started (pid=49654, socket=/tmp/tilelib_daemon_49651.sock) Info: ptodsl TileLib daemon started successfully TileLib daemon stopped (pid=49654)
PASS	_jit_attention_csa_test_20260723_032646/ptoas/rope_cs.pto	37	9fc80ec53033dd8ae995ee7ac2b0592c744f2aeab357fbb0eafdb01b07dd3259	artifacts/15eee8625f223d9ec497744f49e38c0e294dc583/final-vpto/_jit_attention_csa_test_20260723_032646/ptoas/rope_cs.pto.vpto.mlir	artifacts/15eee8625f223d9ec497744f49e38c0e294dc583/all-phase-ir/_jit_attention_csa_test_20260723_032646/ptoas/rope_cs	0	TileLib daemon 'ptodsl.tilelib.serving.daemon' started (pid=49788, socket=/tmp/tilelib_daemon_49785.sock) Info: ptodsl TileLib daemon started successfully TileLib daemon stopped (pid=49788)
PASS	_jit_attention_csa_test_20260723_032646/ptoas/scatter_softmax_pool.pto	73	a94b3a06d7f771aa1e5edff2045c23b513b28d0b3f6a8d77a2cda20e9a8987b9	artifacts/15eee8625f223d9ec497744f49e38c0e294dc583/final-vpto/_jit_attention_csa_test_20260723_032646/ptoas/scatter_softmax_pool.pto.vpto.mlir	artifacts/15eee8625f223d9ec497744f49e38c0e294dc583/all-phase-ir/_jit_attention_csa_test_20260723_032646/ptoas/scatter_softmax_pool	0	TileLib daemon 'ptodsl.tilelib.serving.daemon' started (pid=49846, socket=/tmp/tilelib_daemon_49843.sock) Info: ptodsl TileLib daemon started successfully TileLib daemon stopped (pid=49846)
PASS	_jit_attention_csa_test_20260723_032646/ptoas/scatter_softmax_pool_0.pto	73	16b7f9a296469a9d3ef9aceccb96d82b207033d166bc30b256903f8790f7b8aa	artifacts/15eee8625f223d9ec497744f49e38c0e294dc583/final-vpto/_jit_attention_csa_test_20260723_032646/ptoas/scatter_softmax_pool_0.pto.vpto.mlir	artifacts/15eee8625f223d9ec497744f49e38c0e294dc583/all-phase-ir/_jit_attention_csa_test_20260723_032646/ptoas/scatter_softmax_pool_0	0	TileLib daemon 'ptodsl.tilelib.serving.daemon' started (pid=49957, socket=/tmp/tilelib_daemon_49954.sock) Info: ptodsl TileLib daemon started successfully TileLib daemon stopped (pid=49957)
PASS	_jit_attention_csa_test_20260723_032646/ptoas/score_mat.pto	25	9a198a60f718e2887ff24628fd15734b5ebf70188a54ea3d9347305583d9ed08	artifacts/15eee8625f223d9ec497744f49e38c0e294dc583/final-vpto/_jit_attention_csa_test_20260723_032646/ptoas/score_mat.pto.vpto.mlir	artifacts/15eee8625f223d9ec497744f49e38c0e294dc583/all-phase-ir/_jit_attention_csa_test_20260723_032646/ptoas/score_mat	0	TileLib daemon 'ptodsl.tilelib.serving.daemon' started (pid=50075, socket=/tmp/tilelib_daemon_50072.sock) Info: ptodsl TileLib daemon started successfully TileLib daemon stopped (pid=50075)
PASS	_jit_attention_csa_test_20260723_032646/ptoas/score_reduce.pto	63	966f34addf7b14d886f2bdd87658fb541bffc29a5551e9d75c5ae66fd7a37ec1	artifacts/15eee8625f223d9ec497744f49e38c0e294dc583/final-vpto/_jit_attention_csa_test_20260723_032646/ptoas/score_reduce.pto.vpto.mlir	artifacts/15eee8625f223d9ec497744f49e38c0e294dc583/all-phase-ir/_jit_attention_csa_test_20260723_032646/ptoas/score_reduce	0	TileLib daemon 'ptodsl.tilelib.serving.daemon' started (pid=50124, socket=/tmp/tilelib_daemon_50121.sock) Info: ptodsl TileLib daemon started successfully TileLib daemon stopped (pid=50124)
PASS	_jit_attention_csa_test_20260723_032646/ptoas/split_pre_post.pto	39	47bc798b787da9cc5f37051e6423ec04a23f55a9585e27ebe76bf7fbaa0e0267	artifacts/15eee8625f223d9ec497744f49e38c0e294dc583/final-vpto/_jit_attention_csa_test_20260723_032646/ptoas/split_pre_post.pto.vpto.mlir	artifacts/15eee8625f223d9ec497744f49e38c0e294dc583/all-phase-ir/_jit_attention_csa_test_20260723_032646/ptoas/split_pre_post	0	TileLib daemon 'ptodsl.tilelib.serving.daemon' started (pid=50222, socket=/tmp/tilelib_daemon_50219.sock) Info: ptodsl TileLib daemon started successfully TileLib daemon stopped (pid=50222)
PASS	_jit_attention_csa_test_20260723_032646/ptoas/topk.pto	25	9a280594670a49dba96498b27036a3aa2c5fc5e3ffb5225e1a7f7ad1305f07c3	artifacts/15eee8625f223d9ec497744f49e38c0e294dc583/final-vpto/_jit_attention_csa_test_20260723_032646/ptoas/topk.pto.vpto.mlir	artifacts/15eee8625f223d9ec497744f49e38c0e294dc583/all-phase-ir/_jit_attention_csa_test_20260723_032646/ptoas/topk	0	TileLib daemon 'ptodsl.tilelib.serving.daemon' started (pid=50283, socket=/tmp/tilelib_daemon_50280.sock) Info: ptodsl TileLib daemon started successfully TileLib daemon stopped (pid=50283)
PASS	_jit_attention_csa_test_20260723_032646/ptoas/weights_proj.pto	24	09bd9bb3b81504fcfdd6328e3a4f82aee2dd04a960df7cd3bc6f0f035bea81dd	artifacts/15eee8625f223d9ec497744f49e38c0e294dc583/final-vpto/_jit_attention_csa_test_20260723_032646/ptoas/weights_proj.pto.vpto.mlir	artifacts/15eee8625f223d9ec497744f49e38c0e294dc583/all-phase-ir/_jit_attention_csa_test_20260723_032646/ptoas/weights_proj	0	TileLib daemon 'ptodsl.tilelib.serving.daemon' started (pid=50322, socket=/tmp/tilelib_daemon_50319.sock) Info: ptodsl TileLib daemon started successfully TileLib daemon stopped (pid=50322)
PASS	_jit_attention_csa_test_20260723_032646/ptoas/weights_proj_reduce.pto	15	ca42bde47e674a8c669c063f2689c91b6b958b6ca8cadd069e5d71eeb8ecd497	artifacts/15eee8625f223d9ec497744f49e38c0e294dc583/final-vpto/_jit_attention_csa_test_20260723_032646/ptoas/weights_proj_reduce.pto.vpto.mlir	artifacts/15eee8625f223d9ec497744f49e38c0e294dc583/all-phase-ir/_jit_attention_csa_test_20260723_032646/ptoas/weights_proj_reduce	0	TileLib daemon 'ptodsl.tilelib.serving.daemon' started (pid=50360, socket=/tmp/tilelib_daemon_50357.sock) Info: ptodsl TileLib daemon started successfully TileLib daemon stopped (pid=50360)
PASS	_jit_prefill_attention_csa_test_20260723_031246/ptoas/build_bias.pto	26	6e6a5eb5bc58a351255d0ca1f709cd7c8ad1a3aebccbfd033f7c42fa3f20bce4	artifacts/15eee8625f223d9ec497744f49e38c0e294dc583/final-vpto/_jit_prefill_attention_csa_test_20260723_031246/ptoas/build_bias.pto.vpto.mlir	artifacts/15eee8625f223d9ec497744f49e38c0e294dc583/all-phase-ir/_jit_prefill_attention_csa_test_20260723_031246/ptoas/build_bias	0	TileLib daemon 'ptodsl.tilelib.serving.daemon' started (pid=50384, socket=/tmp/tilelib_daemon_50381.sock) Info: ptodsl TileLib daemon started successfully TileLib daemon stopped (pid=50384)
PASS	_jit_prefill_attention_csa_test_20260723_031246/ptoas/comb_sinkhorn.pto	195	4e85066f7d89bd3f7a308ad1423efdfccf458b118c30e34766fdee6909ff1f65	artifacts/15eee8625f223d9ec497744f49e38c0e294dc583/final-vpto/_jit_prefill_attention_csa_test_20260723_031246/ptoas/comb_sinkhorn.pto.vpto.mlir	artifacts/15eee8625f223d9ec497744f49e38c0e294dc583/all-phase-ir/_jit_prefill_attention_csa_test_20260723_031246/ptoas/comb_sinkhorn	0	TileLib daemon 'ptodsl.tilelib.serving.daemon' started (pid=50430, socket=/tmp/tilelib_daemon_50427.sock) Info: ptodsl TileLib daemon started successfully TileLib daemon stopped (pid=50430)
PASS	_jit_prefill_attention_csa_test_20260723_031246/ptoas/gather_kv.pto	10	3a35a1f3f1525262fdce25deba47163955ea95afa80f5123856b88414af197e8	artifacts/15eee8625f223d9ec497744f49e38c0e294dc583/final-vpto/_jit_prefill_attention_csa_test_20260723_031246/ptoas/gather_kv.pto.vpto.mlir	artifacts/15eee8625f223d9ec497744f49e38c0e294dc583/all-phase-ir/_jit_prefill_attention_csa_test_20260723_031246/ptoas/gather_kv	0	TileLib daemon 'ptodsl.tilelib.serving.daemon' started (pid=50748, socket=/tmp/tilelib_daemon_50745.sock) Info: ptodsl TileLib daemon started successfully TileLib daemon stopped (pid=50748)
PASS	_jit_prefill_attention_csa_test_20260723_031246/ptoas/hc_post_inactive_pad.pto	4	49c3e572f4466710fd70feba789682144cb0336267243720ae8ae398f7676093	artifacts/15eee8625f223d9ec497744f49e38c0e294dc583/final-vpto/_jit_prefill_attention_csa_test_20260723_031246/ptoas/hc_post_inactive_pad.pto.vpto.mlir	artifacts/15eee8625f223d9ec497744f49e38c0e294dc583/all-phase-ir/_jit_prefill_attention_csa_test_20260723_031246/ptoas/hc_post_inactive_pad	0	TileLib daemon 'ptodsl.tilelib.serving.daemon' started (pid=50765, socket=/tmp/tilelib_daemon_50762.sock) Info: ptodsl TileLib daemon started successfully TileLib daemon stopped (pid=50765)
PASS	_jit_prefill_attention_csa_test_20260723_031246/ptoas/hc_post_prefill.pto	73	2e5f24f73e2c289d30e2ac94fd51e3e6499c2cee151f76f4fa14430abf08a3cb	artifacts/15eee8625f223d9ec497744f49e38c0e294dc583/final-vpto/_jit_prefill_attention_csa_test_20260723_031246/ptoas/hc_post_prefill.pto.vpto.mlir	artifacts/15eee8625f223d9ec497744f49e38c0e294dc583/all-phase-ir/_jit_prefill_attention_csa_test_20260723_031246/ptoas/hc_post_prefill	0	TileLib daemon 'ptodsl.tilelib.serving.daemon' started (pid=50773, socket=/tmp/tilelib_daemon_50772.sock) Info: ptodsl TileLib daemon started successfully TileLib daemon stopped (pid=50773)
PASS	_jit_prefill_attention_csa_test_20260723_031246/ptoas/hc_pre_linear.pto	22	c3341cc91f4ab3da661bddb644f23f697e9c84b69d3580d191c304896b85a4b2	artifacts/15eee8625f223d9ec497744f49e38c0e294dc583/final-vpto/_jit_prefill_attention_csa_test_20260723_031246/ptoas/hc_pre_linear.pto.vpto.mlir	artifacts/15eee8625f223d9ec497744f49e38c0e294dc583/all-phase-ir/_jit_prefill_attention_csa_test_20260723_031246/ptoas/hc_pre_linear	0	TileLib daemon 'ptodsl.tilelib.serving.daemon' started (pid=50885, socket=/tmp/tilelib_daemon_50882.sock) Info: ptodsl TileLib daemon started successfully TileLib daemon stopped (pid=50885)
PASS	_jit_prefill_attention_csa_test_20260723_031246/ptoas/hc_pre_rms.pto	33	539764fc9462855b9c3ce233d78fbdf308477c4b0abffe247abc6d2d0d1e49a6	artifacts/15eee8625f223d9ec497744f49e38c0e294dc583/final-vpto/_jit_prefill_attention_csa_test_20260723_031246/ptoas/hc_pre_rms.pto.vpto.mlir	artifacts/15eee8625f223d9ec497744f49e38c0e294dc583/all-phase-ir/_jit_prefill_attention_csa_test_20260723_031246/ptoas/hc_pre_rms	0	TileLib daemon 'ptodsl.tilelib.serving.daemon' started (pid=50921, socket=/tmp/tilelib_daemon_50918.sock) Info: ptodsl TileLib daemon started successfully TileLib daemon stopped (pid=50921)
PASS	_jit_prefill_attention_csa_test_20260723_031246/ptoas/hc_pre_seed.pto	4	d6218d22a604877e07935109107587f4fcc3a119f88a1fd63ad1b0ad1c8f0cc9	artifacts/15eee8625f223d9ec497744f49e38c0e294dc583/final-vpto/_jit_prefill_attention_csa_test_20260723_031246/ptoas/hc_pre_seed.pto.vpto.mlir	artifacts/15eee8625f223d9ec497744f49e38c0e294dc583/all-phase-ir/_jit_prefill_attention_csa_test_20260723_031246/ptoas/hc_pre_seed	0	TileLib daemon 'ptodsl.tilelib.serving.daemon' started (pid=50974, socket=/tmp/tilelib_daemon_50971.sock) Info: ptodsl TileLib daemon started successfully TileLib daemon stopped (pid=50974)
PASS	_jit_prefill_attention_csa_test_20260723_031246/ptoas/kv_proj_matmul.pto	36	a194b79e1f44ec7f432b38b85214acf06b4d6c16dd11aa7ada7f16821d5a00a4	artifacts/15eee8625f223d9ec497744f49e38c0e294dc583/final-vpto/_jit_prefill_attention_csa_test_20260723_031246/ptoas/kv_proj_matmul.pto.vpto.mlir	artifacts/15eee8625f223d9ec497744f49e38c0e294dc583/all-phase-ir/_jit_prefill_attention_csa_test_20260723_031246/ptoas/kv_proj_matmul	0	TileLib daemon 'ptodsl.tilelib.serving.daemon' started (pid=50982, socket=/tmp/tilelib_daemon_50981.sock) Info: ptodsl TileLib daemon started successfully TileLib daemon stopped (pid=50982)
PASS	_jit_prefill_attention_csa_test_20260723_031246/ptoas/kv_proj_seed.pto	4	0ea07b4748d12ab3c8f8d588f11c2c6def1519b5bc354261b5d8c4fee1e2b56a	artifacts/15eee8625f223d9ec497744f49e38c0e294dc583/final-vpto/_jit_prefill_attention_csa_test_20260723_031246/ptoas/kv_proj_seed.pto.vpto.mlir	artifacts/15eee8625f223d9ec497744f49e38c0e294dc583/all-phase-ir/_jit_prefill_attention_csa_test_20260723_031246/ptoas/kv_proj_seed	0	TileLib daemon 'ptodsl.tilelib.serving.daemon' started (pid=51042, socket=/tmp/tilelib_daemon_51039.sock) Info: ptodsl TileLib daemon started successfully TileLib daemon stopped (pid=51042)
PASS	_jit_prefill_attention_csa_test_20260723_031246/ptoas/kv_rms_norm_rope.pto	107	67eae6bf0545efc70dc58cdc0b87a557dc2a4d874161bab3fe358f528095311d	artifacts/15eee8625f223d9ec497744f49e38c0e294dc583/final-vpto/_jit_prefill_attention_csa_test_20260723_031246/ptoas/kv_rms_norm_rope.pto.vpto.mlir	artifacts/15eee8625f223d9ec497744f49e38c0e294dc583/all-phase-ir/_jit_prefill_attention_csa_test_20260723_031246/ptoas/kv_rms_norm_rope	0	TileLib daemon 'ptodsl.tilelib.serving.daemon' started (pid=51049, socket=/tmp/tilelib_daemon_51048.sock) Info: ptodsl TileLib daemon started successfully TileLib daemon stopped (pid=51049)
PASS	_jit_prefill_attention_csa_test_20260723_031246/ptoas/merge_norm.pto	50	c66de5bd5bcb363f6a0668cc5eab0ec1c36745a9be91cd62450b164c19dbc45d	artifacts/15eee8625f223d9ec497744f49e38c0e294dc583/final-vpto/_jit_prefill_attention_csa_test_20260723_031246/ptoas/merge_norm.pto.vpto.mlir	artifacts/15eee8625f223d9ec497744f49e38c0e294dc583/all-phase-ir/_jit_prefill_attention_csa_test_20260723_031246/ptoas/merge_norm	0	TileLib daemon 'ptodsl.tilelib.serving.daemon' started (pid=51217, socket=/tmp/tilelib_daemon_51213.sock) Info: ptodsl TileLib daemon started successfully TileLib daemon stopped (pid=51217)
PASS	_jit_prefill_attention_csa_test_20260723_031246/ptoas/mix_x.pto	43	c5b4112fa7cee447123771fae2a3be6d812b45cf881e5a6efbc8472cfe7baf87	artifacts/15eee8625f223d9ec497744f49e38c0e294dc583/final-vpto/_jit_prefill_attention_csa_test_20260723_031246/ptoas/mix_x.pto.vpto.mlir	artifacts/15eee8625f223d9ec497744f49e38c0e294dc583/all-phase-ir/_jit_prefill_attention_csa_test_20260723_031246/ptoas/mix_x	0	TileLib daemon 'ptodsl.tilelib.serving.daemon' started (pid=51293, socket=/tmp/tilelib_daemon_51290.sock) Info: ptodsl TileLib daemon started successfully TileLib daemon stopped (pid=51293)
PASS	_jit_prefill_attention_csa_test_20260723_031246/ptoas/prefill_c4_cache_write.pto	9	09b69f3cf1030c15f8c91ef74d421876d212c0fabb4db4ff54d411888fcc153d	artifacts/15eee8625f223d9ec497744f49e38c0e294dc583/final-vpto/_jit_prefill_attention_csa_test_20260723_031246/ptoas/prefill_c4_cache_write.pto.vpto.mlir	artifacts/15eee8625f223d9ec497744f49e38c0e294dc583/all-phase-ir/_jit_prefill_attention_csa_test_20260723_031246/ptoas/prefill_c4_cache_write	0	TileLib daemon 'ptodsl.tilelib.serving.daemon' started (pid=51363, socket=/tmp/tilelib_daemon_51360.sock) Info: ptodsl TileLib daemon started successfully TileLib daemon stopped (pid=51363)
PASS	_jit_prefill_attention_csa_test_20260723_031246/ptoas/prefill_c4_kv_score_proj.pto	70	6831feacecaf7311cf8f88e85e2ef310ccdaaafc230fa23fc901b8c3ef532138	artifacts/15eee8625f223d9ec497744f49e38c0e294dc583/final-vpto/_jit_prefill_attention_csa_test_20260723_031246/ptoas/prefill_c4_kv_score_proj.pto.vpto.mlir	artifacts/15eee8625f223d9ec497744f49e38c0e294dc583/all-phase-ir/_jit_prefill_attention_csa_test_20260723_031246/ptoas/prefill_c4_kv_score_proj	0	TileLib daemon 'ptodsl.tilelib.serving.daemon' started (pid=51378, socket=/tmp/tilelib_daemon_51375.sock) Info: ptodsl TileLib daemon started successfully TileLib daemon stopped (pid=51378)
PASS	_jit_prefill_attention_csa_test_20260723_031246/ptoas/prefill_c4_rmsnorm_rope.pto	84	32612b94051bcddcce4b6e885f23cb541ae6744e51f10c8b857e35204fa7122d	artifacts/15eee8625f223d9ec497744f49e38c0e294dc583/final-vpto/_jit_prefill_attention_csa_test_20260723_031246/ptoas/prefill_c4_rmsnorm_rope.pto.vpto.mlir	artifacts/15eee8625f223d9ec497744f49e38c0e294dc583/all-phase-ir/_jit_prefill_attention_csa_test_20260723_031246/ptoas/prefill_c4_rmsnorm_rope	0	TileLib daemon 'ptodsl.tilelib.serving.daemon' started (pid=51486, socket=/tmp/tilelib_daemon_51483.sock) Info: ptodsl TileLib daemon started successfully TileLib daemon stopped (pid=51486)
PASS	_jit_prefill_attention_csa_test_20260723_031246/ptoas/prefill_c4_softmax_pool.pto	67	45b3668167eda5285c47cac6a610b7dea8f17d05717cbbeee4fd79371c8472a9	artifacts/15eee8625f223d9ec497744f49e38c0e294dc583/final-vpto/_jit_prefill_attention_csa_test_20260723_031246/ptoas/prefill_c4_softmax_pool.pto.vpto.mlir	artifacts/15eee8625f223d9ec497744f49e38c0e294dc583/all-phase-ir/_jit_prefill_attention_csa_test_20260723_031246/ptoas/prefill_c4_softmax_pool	0	TileLib daemon 'ptodsl.tilelib.serving.daemon' started (pid=51620, socket=/tmp/tilelib_daemon_51617.sock) Info: ptodsl TileLib daemon started successfully TileLib daemon stopped (pid=51620)
PASS	_jit_prefill_attention_csa_test_20260723_031246/ptoas/prefill_c4_state_update.pto	16	1de6355443229af7016e133f575fa684972b78354f1fef5cd8701b61ceb3870a	artifacts/15eee8625f223d9ec497744f49e38c0e294dc583/final-vpto/_jit_prefill_attention_csa_test_20260723_031246/ptoas/prefill_c4_state_update.pto.vpto.mlir	artifacts/15eee8625f223d9ec497744f49e38c0e294dc583/all-phase-ir/_jit_prefill_attention_csa_test_20260723_031246/ptoas/prefill_c4_state_update	0	TileLib daemon 'ptodsl.tilelib.serving.daemon' started (pid=51724, socket=/tmp/tilelib_daemon_51721.sock) Info: ptodsl TileLib daemon started successfully TileLib daemon stopped (pid=51724)
PASS	_jit_prefill_attention_csa_test_20260723_031246/ptoas/prefill_c4_write_map.pto	7	6936057004b186aa5ce76f3ee7c3aec093acc5f870dc6f182b0a261c2ce8c4c7	artifacts/15eee8625f223d9ec497744f49e38c0e294dc583/final-vpto/_jit_prefill_attention_csa_test_20260723_031246/ptoas/prefill_c4_write_map.pto.vpto.mlir	artifacts/15eee8625f223d9ec497744f49e38c0e294dc583/all-phase-ir/_jit_prefill_attention_csa_test_20260723_031246/ptoas/prefill_c4_write_map	0	TileLib daemon 'ptodsl.tilelib.serving.daemon' started (pid=51753, socket=/tmp/tilelib_daemon_51750.sock) Info: ptodsl TileLib daemon started successfully TileLib daemon stopped (pid=51753)
PASS	_jit_prefill_attention_csa_test_20260723_031246/ptoas/prefill_csa_cache_write.pto	4	cb58158124c99dbf480063c341f29a0a4ca48f1dd575416cf32528d50436cf79	artifacts/15eee8625f223d9ec497744f49e38c0e294dc583/final-vpto/_jit_prefill_attention_csa_test_20260723_031246/ptoas/prefill_csa_cache_write.pto.vpto.mlir	artifacts/15eee8625f223d9ec497744f49e38c0e294dc583/all-phase-ir/_jit_prefill_attention_csa_test_20260723_031246/ptoas/prefill_csa_cache_write	0	TileLib daemon 'ptodsl.tilelib.serving.daemon' started (pid=51767, socket=/tmp/tilelib_daemon_51764.sock) Info: ptodsl TileLib daemon started successfully TileLib daemon stopped (pid=51767)
PASS	_jit_prefill_attention_csa_test_20260723_031246/ptoas/prefill_csa_idx_halfrope.pto	10	4ef95c46120c2c9a85beb00aa94dfc2dee46131772f88a302c29d10f94a319b9	artifacts/15eee8625f223d9ec497744f49e38c0e294dc583/final-vpto/_jit_prefill_attention_csa_test_20260723_031246/ptoas/prefill_csa_idx_halfrope.pto.vpto.mlir	artifacts/15eee8625f223d9ec497744f49e38c0e294dc583/all-phase-ir/_jit_prefill_attention_csa_test_20260723_031246/ptoas/prefill_csa_idx_halfrope	0	TileLib daemon 'ptodsl.tilelib.serving.daemon' started (pid=51774, socket=/tmp/tilelib_daemon_51773.sock) Info: ptodsl TileLib daemon started successfully TileLib daemon stopped (pid=51774)
PASS	_jit_prefill_attention_csa_test_20260723_031246/ptoas/prefill_csa_sparse_idx_tile.pto	7	8c303deac4f283fafb77c71d4cc757b69efe379f504382cd09152a4ae82dc9eb	artifacts/15eee8625f223d9ec497744f49e38c0e294dc583/final-vpto/_jit_prefill_attention_csa_test_20260723_031246/ptoas/prefill_csa_sparse_idx_tile.pto.vpto.mlir	artifacts/15eee8625f223d9ec497744f49e38c0e294dc583/all-phase-ir/_jit_prefill_attention_csa_test_20260723_031246/ptoas/prefill_csa_sparse_idx_tile	0	TileLib daemon 'ptodsl.tilelib.serving.daemon' started (pid=51793, socket=/tmp/tilelib_daemon_51790.sock) Info: ptodsl TileLib daemon started successfully TileLib daemon stopped (pid=51793)
PASS	_jit_prefill_attention_csa_test_20260723_031246/ptoas/prefill_idx_c4_cache_write.pto	27	cc6b7490b441701f96b35c6683f8339ed077c52523c21615b275cf283d1362c2	artifacts/15eee8625f223d9ec497744f49e38c0e294dc583/final-vpto/_jit_prefill_attention_csa_test_20260723_031246/ptoas/prefill_idx_c4_cache_write.pto.vpto.mlir	artifacts/15eee8625f223d9ec497744f49e38c0e294dc583/all-phase-ir/_jit_prefill_attention_csa_test_20260723_031246/ptoas/prefill_idx_c4_cache_write	0	TileLib daemon 'ptodsl.tilelib.serving.daemon' started (pid=51806, socket=/tmp/tilelib_daemon_51803.sock) Info: ptodsl TileLib daemon started successfully TileLib daemon stopped (pid=51806)
PASS	_jit_prefill_attention_csa_test_20260723_031246/ptoas/prefill_idx_c4_kv_hadamard.pto	10	c429fe2864cc965524b962cf058c870734bbce23e3633810dfed687bdba09e7a	artifacts/15eee8625f223d9ec497744f49e38c0e294dc583/final-vpto/_jit_prefill_attention_csa_test_20260723_031246/ptoas/prefill_idx_c4_kv_hadamard.pto.vpto.mlir	artifacts/15eee8625f223d9ec497744f49e38c0e294dc583/all-phase-ir/_jit_prefill_attention_csa_test_20260723_031246/ptoas/prefill_idx_c4_kv_hadamard	0	TileLib daemon 'ptodsl.tilelib.serving.daemon' started (pid=51852, socket=/tmp/tilelib_daemon_51849.sock) Info: ptodsl TileLib daemon started successfully TileLib daemon stopped (pid=51852)
PASS	_jit_prefill_attention_csa_test_20260723_031246/ptoas/prefill_idx_c4_kv_score_proj.pto	70	28bcb3e00d735a5f817ae2af793a0dca8cc5d01444d18430a270765883fb7bb8	artifacts/15eee8625f223d9ec497744f49e38c0e294dc583/final-vpto/_jit_prefill_attention_csa_test_20260723_031246/ptoas/prefill_idx_c4_kv_score_proj.pto.vpto.mlir	artifacts/15eee8625f223d9ec497744f49e38c0e294dc583/all-phase-ir/_jit_prefill_attention_csa_test_20260723_031246/ptoas/prefill_idx_c4_kv_score_proj	0	TileLib daemon 'ptodsl.tilelib.serving.daemon' started (pid=51870, socket=/tmp/tilelib_daemon_51867.sock) Info: ptodsl TileLib daemon started successfully TileLib daemon stopped (pid=51870)
PASS	_jit_prefill_attention_csa_test_20260723_031246/ptoas/prefill_idx_c4_rmsnorm_rope.pto	87	b9802f691ae6b79d139d61b7dbd57154fcb1d2ee8f3cd1b0785b24e7108d6282	artifacts/15eee8625f223d9ec497744f49e38c0e294dc583/final-vpto/_jit_prefill_attention_csa_test_20260723_031246/ptoas/prefill_idx_c4_rmsnorm_rope.pto.vpto.mlir	artifacts/15eee8625f223d9ec497744f49e38c0e294dc583/all-phase-ir/_jit_prefill_attention_csa_test_20260723_031246/ptoas/prefill_idx_c4_rmsnorm_rope	0	TileLib daemon 'ptodsl.tilelib.serving.daemon' started (pid=51997, socket=/tmp/tilelib_daemon_51994.sock) Info: ptodsl TileLib daemon started successfully TileLib daemon stopped (pid=51997)
PASS	_jit_prefill_attention_csa_test_20260723_031246/ptoas/prefill_idx_c4_softmax_pool.pto	76	03fa5f18464026dc078f5dcf3b2b0a3131bc641bdaf974c62949d40553316f9b	artifacts/15eee8625f223d9ec497744f49e38c0e294dc583/final-vpto/_jit_prefill_attention_csa_test_20260723_031246/ptoas/prefill_idx_c4_softmax_pool.pto.vpto.mlir	artifacts/15eee8625f223d9ec497744f49e38c0e294dc583/all-phase-ir/_jit_prefill_attention_csa_test_20260723_031246/ptoas/prefill_idx_c4_softmax_pool	0	TileLib daemon 'ptodsl.tilelib.serving.daemon' started (pid=52132, socket=/tmp/tilelib_daemon_52129.sock) Info: ptodsl TileLib daemon started successfully TileLib daemon stopped (pid=52132)
PASS	_jit_prefill_attention_csa_test_20260723_031246/ptoas/prefill_idx_c4_state_update.pto	16	d77d2f29e664513e2a8c0f1665fd387ca97e1706a34b10abf3c04ef9341352f9	artifacts/15eee8625f223d9ec497744f49e38c0e294dc583/final-vpto/_jit_prefill_attention_csa_test_20260723_031246/ptoas/prefill_idx_c4_state_update.pto.vpto.mlir	artifacts/15eee8625f223d9ec497744f49e38c0e294dc583/all-phase-ir/_jit_prefill_attention_csa_test_20260723_031246/ptoas/prefill_idx_c4_state_update	0	TileLib daemon 'ptodsl.tilelib.serving.daemon' started (pid=52249, socket=/tmp/tilelib_daemon_52246.sock) Info: ptodsl TileLib daemon started successfully TileLib daemon stopped (pid=52249)
PASS	_jit_prefill_attention_csa_test_20260723_031246/ptoas/prefill_idx_c4_write_map.pto	7	a037b5d4e1ef963ad081a7ac910fe1b4efe2aaaf6d9dd092e9db2605f614692c	artifacts/15eee8625f223d9ec497744f49e38c0e294dc583/final-vpto/_jit_prefill_attention_csa_test_20260723_031246/ptoas/prefill_idx_c4_write_map.pto.vpto.mlir	artifacts/15eee8625f223d9ec497744f49e38c0e294dc583/all-phase-ir/_jit_prefill_attention_csa_test_20260723_031246/ptoas/prefill_idx_c4_write_map	0	TileLib daemon 'ptodsl.tilelib.serving.daemon' started (pid=52279, socket=/tmp/tilelib_daemon_52276.sock) Info: ptodsl TileLib daemon started successfully TileLib daemon stopped (pid=52279)
PASS	_jit_prefill_attention_csa_test_20260723_031246/ptoas/prefill_idx_qr_hadamard_quant.pto	34	fc0e938f5d58fc90b7979dcc1736bb47cc289889daa6af2227119346e65efad7	artifacts/15eee8625f223d9ec497744f49e38c0e294dc583/final-vpto/_jit_prefill_attention_csa_test_20260723_031246/ptoas/prefill_idx_qr_hadamard_quant.pto.vpto.mlir	artifacts/15eee8625f223d9ec497744f49e38c0e294dc583/all-phase-ir/_jit_prefill_attention_csa_test_20260723_031246/ptoas/prefill_idx_qr_hadamard_quant	0	TileLib daemon 'ptodsl.tilelib.serving.daemon' started (pid=52295, socket=/tmp/tilelib_daemon_52292.sock) Info: ptodsl TileLib daemon started successfully TileLib daemon stopped (pid=52295)
PASS	_jit_prefill_attention_csa_test_20260723_031246/ptoas/prefill_idx_qr_proj.pto	25	04c5731f9feeee1d6eed8edffee0f2c922e69b7c4d61ed8abd0b0ae4040bd6e5	artifacts/15eee8625f223d9ec497744f49e38c0e294dc583/final-vpto/_jit_prefill_attention_csa_test_20260723_031246/ptoas/prefill_idx_qr_proj.pto.vpto.mlir	artifacts/15eee8625f223d9ec497744f49e38c0e294dc583/all-phase-ir/_jit_prefill_attention_csa_test_20260723_031246/ptoas/prefill_idx_qr_proj	0	TileLib daemon 'ptodsl.tilelib.serving.daemon' started (pid=52361, socket=/tmp/tilelib_daemon_52358.sock) Info: ptodsl TileLib daemon started successfully TileLib daemon stopped (pid=52361)
PASS	_jit_prefill_attention_csa_test_20260723_031246/ptoas/prefill_idx_qr_rope.pto	54	c891b08c56ea0488e9961bafe6de9d55fe9ea83ed9e5af2df82c3d8cff2601a3	artifacts/15eee8625f223d9ec497744f49e38c0e294dc583/final-vpto/_jit_prefill_attention_csa_test_20260723_031246/ptoas/prefill_idx_qr_rope.pto.vpto.mlir	artifacts/15eee8625f223d9ec497744f49e38c0e294dc583/all-phase-ir/_jit_prefill_attention_csa_test_20260723_031246/ptoas/prefill_idx_qr_rope	0	TileLib daemon 'ptodsl.tilelib.serving.daemon' started (pid=52407, socket=/tmp/tilelib_daemon_52404.sock) Info: ptodsl TileLib daemon started successfully TileLib daemon stopped (pid=52407)
PASS	_jit_prefill_attention_csa_test_20260723_031246/ptoas/prefill_idx_score.pto	27	b7529b8aa53e4a999f58927b871a95cf97d02035e110199e10d2a5096941328b	artifacts/15eee8625f223d9ec497744f49e38c0e294dc583/final-vpto/_jit_prefill_attention_csa_test_20260723_031246/ptoas/prefill_idx_score.pto.vpto.mlir	artifacts/15eee8625f223d9ec497744f49e38c0e294dc583/all-phase-ir/_jit_prefill_attention_csa_test_20260723_031246/ptoas/prefill_idx_score	0	TileLib daemon 'ptodsl.tilelib.serving.daemon' started (pid=52495, socket=/tmp/tilelib_daemon_52492.sock) Info: ptodsl TileLib daemon started successfully TileLib daemon stopped (pid=52495)
PASS	_jit_prefill_attention_csa_test_20260723_031246/ptoas/prefill_idx_score_init.pto	4	2314477f0dd19596755ada42f25558e84351fae0465e2dd1905d4b029e469e70	artifacts/15eee8625f223d9ec497744f49e38c0e294dc583/final-vpto/_jit_prefill_attention_csa_test_20260723_031246/ptoas/prefill_idx_score_init.pto.vpto.mlir	artifacts/15eee8625f223d9ec497744f49e38c0e294dc583/all-phase-ir/_jit_prefill_attention_csa_test_20260723_031246/ptoas/prefill_idx_score_init	0	TileLib daemon 'ptodsl.tilelib.serving.daemon' started (pid=52545, socket=/tmp/tilelib_daemon_52542.sock) Info: ptodsl TileLib daemon started successfully TileLib daemon stopped (pid=52545)
PASS	_jit_prefill_attention_csa_test_20260723_031246/ptoas/prefill_idx_score_out.pto	4	20f6bd39faf527d7b5b254c2e6c67825be86839b02b6b90268d694a9a7d5b8a8	artifacts/15eee8625f223d9ec497744f49e38c0e294dc583/final-vpto/_jit_prefill_attention_csa_test_20260723_031246/ptoas/prefill_idx_score_out.pto.vpto.mlir	artifacts/15eee8625f223d9ec497744f49e38c0e294dc583/all-phase-ir/_jit_prefill_attention_csa_test_20260723_031246/ptoas/prefill_idx_score_out	0	TileLib daemon 'ptodsl.tilelib.serving.daemon' started (pid=52552, socket=/tmp/tilelib_daemon_52551.sock) Info: ptodsl TileLib daemon started successfully TileLib daemon stopped (pid=52552)
PASS	_jit_prefill_attention_csa_test_20260723_031246/ptoas/prefill_idx_topk.pto	17	262e08353076909f1a0b4db722f550402c60c18628e744455b4b24acc86fc185	artifacts/15eee8625f223d9ec497744f49e38c0e294dc583/final-vpto/_jit_prefill_attention_csa_test_20260723_031246/ptoas/prefill_idx_topk.pto.vpto.mlir	artifacts/15eee8625f223d9ec497744f49e38c0e294dc583/all-phase-ir/_jit_prefill_attention_csa_test_20260723_031246/ptoas/prefill_idx_topk	0	TileLib daemon 'ptodsl.tilelib.serving.daemon' started (pid=52561, socket=/tmp/tilelib_daemon_52558.sock) Info: ptodsl TileLib daemon started successfully TileLib daemon stopped (pid=52561)
PASS	_jit_prefill_attention_csa_test_20260723_031246/ptoas/prefill_idx_weights_proj.pto	22	d19d3be76f1903c719db8ac9e6da61f692d12ed1c5622bd2308be0bca9a44dd0	artifacts/15eee8625f223d9ec497744f49e38c0e294dc583/final-vpto/_jit_prefill_attention_csa_test_20260723_031246/ptoas/prefill_idx_weights_proj.pto.vpto.mlir	artifacts/15eee8625f223d9ec497744f49e38c0e294dc583/all-phase-ir/_jit_prefill_attention_csa_test_20260723_031246/ptoas/prefill_idx_weights_proj	0	TileLib daemon 'ptodsl.tilelib.serving.daemon' started (pid=52589, socket=/tmp/tilelib_daemon_52586.sock) Info: ptodsl TileLib daemon started successfully TileLib daemon stopped (pid=52589)
PASS	_jit_prefill_attention_csa_test_20260723_031246/ptoas/proj_a_mm.pto	51	82c9451a95c763fd7af4ec46611c6f57b68eef9150a47758deb54240a8e29b34	artifacts/15eee8625f223d9ec497744f49e38c0e294dc583/final-vpto/_jit_prefill_attention_csa_test_20260723_031246/ptoas/proj_a_mm.pto.vpto.mlir	artifacts/15eee8625f223d9ec497744f49e38c0e294dc583/all-phase-ir/_jit_prefill_attention_csa_test_20260723_031246/ptoas/proj_a_mm	0	TileLib daemon 'ptodsl.tilelib.serving.daemon' started (pid=52631, socket=/tmp/tilelib_daemon_52628.sock) Info: ptodsl TileLib daemon started successfully TileLib daemon stopped (pid=52631)
PASS	_jit_prefill_attention_csa_test_20260723_031246/ptoas/proj_b_act.pto	16	1ed348991556a08239d4ad52cbd63f5de37f16dfb4bdb749d691879dd2cfac3b	artifacts/15eee8625f223d9ec497744f49e38c0e294dc583/final-vpto/_jit_prefill_attention_csa_test_20260723_031246/ptoas/proj_b_act.pto.vpto.mlir	artifacts/15eee8625f223d9ec497744f49e38c0e294dc583/all-phase-ir/_jit_prefill_attention_csa_test_20260723_031246/ptoas/proj_b_act	0	TileLib daemon 'ptodsl.tilelib.serving.daemon' started (pid=52707, socket=/tmp/tilelib_daemon_52704.sock) Info: ptodsl TileLib daemon started successfully TileLib daemon stopped (pid=52707)
PASS	_jit_prefill_attention_csa_test_20260723_031246/ptoas/proj_b_mm.pto	33	66bcf452744ec5358cedc0b1db6c272625c9ec66f6a07aa778768a40bf518af0	artifacts/15eee8625f223d9ec497744f49e38c0e294dc583/final-vpto/_jit_prefill_attention_csa_test_20260723_031246/ptoas/proj_b_mm.pto.vpto.mlir	artifacts/15eee8625f223d9ec497744f49e38c0e294dc583/all-phase-ir/_jit_prefill_attention_csa_test_20260723_031246/ptoas/proj_b_mm	0	TileLib daemon 'ptodsl.tilelib.serving.daemon' started (pid=52738, socket=/tmp/tilelib_daemon_52735.sock) Info: ptodsl TileLib daemon started successfully TileLib daemon stopped (pid=52738)
PASS	_jit_prefill_attention_csa_test_20260723_031246/ptoas/q_rope_prepare.pto	43	a75c8d9a4295b357868b8da0d9e7f4bb62cdcd648fb2654137449cfed7412bc5	artifacts/15eee8625f223d9ec497744f49e38c0e294dc583/final-vpto/_jit_prefill_attention_csa_test_20260723_031246/ptoas/q_rope_prepare.pto.vpto.mlir	artifacts/15eee8625f223d9ec497744f49e38c0e294dc583/all-phase-ir/_jit_prefill_attention_csa_test_20260723_031246/ptoas/q_rope_prepare	0	TileLib daemon 'ptodsl.tilelib.serving.daemon' started (pid=52792, socket=/tmp/tilelib_daemon_52789.sock) Info: ptodsl TileLib daemon started successfully TileLib daemon stopped (pid=52792)
PASS	_jit_prefill_attention_csa_test_20260723_031246/ptoas/qk_pv.pto	66	349cc7e9a045fa8876a7ea4aa31677b93fa3aa008491b85e558364934ff2ff16	artifacts/15eee8625f223d9ec497744f49e38c0e294dc583/final-vpto/_jit_prefill_attention_csa_test_20260723_031246/ptoas/qk_pv.pto.vpto.mlir	artifacts/15eee8625f223d9ec497744f49e38c0e294dc583/all-phase-ir/_jit_prefill_attention_csa_test_20260723_031246/ptoas/qk_pv	0	TileLib daemon 'ptodsl.tilelib.serving.daemon' started (pid=52859, socket=/tmp/tilelib_daemon_52856.sock) Info: ptodsl TileLib daemon started successfully TileLib daemon stopped (pid=52859)
PASS	_jit_prefill_attention_csa_test_20260723_031246/ptoas/qkv_rope_rows.pto	7	4939d1e607fbe138e600bb9a6b28e4eeaebdfe2b3af2b04cbfe543b5efa6b07f	artifacts/15eee8625f223d9ec497744f49e38c0e294dc583/final-vpto/_jit_prefill_attention_csa_test_20260723_031246/ptoas/qkv_rope_rows.pto.vpto.mlir	artifacts/15eee8625f223d9ec497744f49e38c0e294dc583/all-phase-ir/_jit_prefill_attention_csa_test_20260723_031246/ptoas/qkv_rope_rows	0	TileLib daemon 'ptodsl.tilelib.serving.daemon' started (pid=52973, socket=/tmp/tilelib_daemon_52970.sock) Info: ptodsl TileLib daemon started successfully TileLib daemon stopped (pid=52973)
PASS	_jit_prefill_attention_csa_test_20260723_031246/ptoas/qproj_dequant_rms_nope_rope.pto	71	b7b74d5ee9404ac09fc6d2b6c0854ac9c964f4bc825ea8826a96317bc6a30a84	artifacts/15eee8625f223d9ec497744f49e38c0e294dc583/final-vpto/_jit_prefill_attention_csa_test_20260723_031246/ptoas/qproj_dequant_rms_nope_rope.pto.vpto.mlir	artifacts/15eee8625f223d9ec497744f49e38c0e294dc583/all-phase-ir/_jit_prefill_attention_csa_test_20260723_031246/ptoas/qproj_dequant_rms_nope_rope	0	TileLib daemon 'ptodsl.tilelib.serving.daemon' started (pid=52988, socket=/tmp/tilelib_daemon_52985.sock) Info: ptodsl TileLib daemon started successfully TileLib daemon stopped (pid=52988)
PASS	_jit_prefill_attention_csa_test_20260723_031246/ptoas/qproj_matmul.pto	37	9130cf3cfbe3c544304e39863ed41e5a9844beb5ae9f6b21c81eecb387fd8ca3	artifacts/15eee8625f223d9ec497744f49e38c0e294dc583/final-vpto/_jit_prefill_attention_csa_test_20260723_031246/ptoas/qproj_matmul.pto.vpto.mlir	artifacts/15eee8625f223d9ec497744f49e38c0e294dc583/all-phase-ir/_jit_prefill_attention_csa_test_20260723_031246/ptoas/qproj_matmul	0	TileLib daemon 'ptodsl.tilelib.serving.daemon' started (pid=53100, socket=/tmp/tilelib_daemon_53097.sock) Info: ptodsl TileLib daemon started successfully TileLib daemon stopped (pid=53100)
PASS	_jit_prefill_attention_csa_test_20260723_031246/ptoas/qr_proj_matmul.pto	36	4f7a6bd25a58892abc490bb5b31933efbba6c89b0c11f7927227e02167e656b6	artifacts/15eee8625f223d9ec497744f49e38c0e294dc583/final-vpto/_jit_prefill_attention_csa_test_20260723_031246/ptoas/qr_proj_matmul.pto.vpto.mlir	artifacts/15eee8625f223d9ec497744f49e38c0e294dc583/all-phase-ir/_jit_prefill_attention_csa_test_20260723_031246/ptoas/qr_proj_matmul	0	TileLib daemon 'ptodsl.tilelib.serving.daemon' started (pid=53160, socket=/tmp/tilelib_daemon_53157.sock) Info: ptodsl TileLib daemon started successfully TileLib daemon stopped (pid=53160)
PASS	_jit_prefill_attention_csa_test_20260723_031246/ptoas/qr_proj_seed.pto	4	9248d152110eb3fb3c09dd39319cc1fe36915f1b1945f7bc86d196c11ce4c713	artifacts/15eee8625f223d9ec497744f49e38c0e294dc583/final-vpto/_jit_prefill_attention_csa_test_20260723_031246/ptoas/qr_proj_seed.pto.vpto.mlir	artifacts/15eee8625f223d9ec497744f49e38c0e294dc583/all-phase-ir/_jit_prefill_attention_csa_test_20260723_031246/ptoas/qr_proj_seed	0	TileLib daemon 'ptodsl.tilelib.serving.daemon' started (pid=53219, socket=/tmp/tilelib_daemon_53216.sock) Info: ptodsl TileLib daemon started successfully TileLib daemon stopped (pid=53219)
PASS	_jit_prefill_attention_csa_test_20260723_031246/ptoas/qr_rms_norm_quant.pto	83	f1c63fa214c06626f145411030b8e3349d31a1ea0398bd84179c6c91258b7a11	artifacts/15eee8625f223d9ec497744f49e38c0e294dc583/final-vpto/_jit_prefill_attention_csa_test_20260723_031246/ptoas/qr_rms_norm_quant.pto.vpto.mlir	artifacts/15eee8625f223d9ec497744f49e38c0e294dc583/all-phase-ir/_jit_prefill_attention_csa_test_20260723_031246/ptoas/qr_rms_norm_quant	0	TileLib daemon 'ptodsl.tilelib.serving.daemon' started (pid=53227, socket=/tmp/tilelib_daemon_53226.sock) Info: ptodsl TileLib daemon started successfully TileLib daemon stopped (pid=53227)
PASS	_jit_prefill_attention_csa_test_20260723_031246/ptoas/quant.pto	25	007cac12b434891d82873292d3f4917cd7f7833afe361bdc0a635c4374eb6d51	artifacts/15eee8625f223d9ec497744f49e38c0e294dc583/final-vpto/_jit_prefill_attention_csa_test_20260723_031246/ptoas/quant.pto.vpto.mlir	artifacts/15eee8625f223d9ec497744f49e38c0e294dc583/all-phase-ir/_jit_prefill_attention_csa_test_20260723_031246/ptoas/quant	0	TileLib daemon 'ptodsl.tilelib.serving.daemon' started (pid=53353, socket=/tmp/tilelib_daemon_53350.sock) Info: ptodsl TileLib daemon started successfully TileLib daemon stopped (pid=53353)
PASS	_jit_prefill_attention_csa_test_20260723_031246/ptoas/rms_norm.pto	47	e58313c9cefb76ae80b34cdd67e79e8a5d2fe93811eca1a51f2ec28ecd0cf0ca	artifacts/15eee8625f223d9ec497744f49e38c0e294dc583/final-vpto/_jit_prefill_attention_csa_test_20260723_031246/ptoas/rms_norm.pto.vpto.mlir	artifacts/15eee8625f223d9ec497744f49e38c0e294dc583/all-phase-ir/_jit_prefill_attention_csa_test_20260723_031246/ptoas/rms_norm	0	TileLib daemon 'ptodsl.tilelib.serving.daemon' started (pid=53392, socket=/tmp/tilelib_daemon_53389.sock) Info: ptodsl TileLib daemon started successfully TileLib daemon stopped (pid=53392)
PASS	_jit_prefill_attention_csa_test_20260723_031246/ptoas/rope.pto	36	1a3df7f6d75648f0552a1ec941637582c20beb9d9b9169c6d373e5013f8730f8	artifacts/15eee8625f223d9ec497744f49e38c0e294dc583/final-vpto/_jit_prefill_attention_csa_test_20260723_031246/ptoas/rope.pto.vpto.mlir	artifacts/15eee8625f223d9ec497744f49e38c0e294dc583/all-phase-ir/_jit_prefill_attention_csa_test_20260723_031246/ptoas/rope	0	TileLib daemon 'ptodsl.tilelib.serving.daemon' started (pid=53468, socket=/tmp/tilelib_daemon_53465.sock) Info: ptodsl TileLib daemon started successfully TileLib daemon stopped (pid=53468)
PASS	_jit_prefill_attention_csa_test_20260723_031246/ptoas/rope_cs.pto	38	62086035fed1079dfbdc9d2dc5240c951d5e8afd5f608a2aa3a2bb2eb0687cd2	artifacts/15eee8625f223d9ec497744f49e38c0e294dc583/final-vpto/_jit_prefill_attention_csa_test_20260723_031246/ptoas/rope_cs.pto.vpto.mlir	artifacts/15eee8625f223d9ec497744f49e38c0e294dc583/all-phase-ir/_jit_prefill_attention_csa_test_20260723_031246/ptoas/rope_cs	0	TileLib daemon 'ptodsl.tilelib.serving.daemon' started (pid=53527, socket=/tmp/tilelib_daemon_53524.sock) Info: ptodsl TileLib daemon started successfully TileLib daemon stopped (pid=53527)
PASS	_jit_prefill_attention_csa_test_20260723_031246/ptoas/split_pre_post.pto	39	5849c77c46a9d9d8d650b594c289447afd33a0eeba860e2ac2e1ef1726075ea5	artifacts/15eee8625f223d9ec497744f49e38c0e294dc583/final-vpto/_jit_prefill_attention_csa_test_20260723_031246/ptoas/split_pre_post.pto.vpto.mlir	artifacts/15eee8625f223d9ec497744f49e38c0e294dc583/all-phase-ir/_jit_prefill_attention_csa_test_20260723_031246/ptoas/split_pre_post	0	TileLib daemon 'ptodsl.tilelib.serving.daemon' started (pid=53589, socket=/tmp/tilelib_daemon_53586.sock) Info: ptodsl TileLib daemon started successfully TileLib daemon stopped (pid=53589)
PASS	_jit_qkv_proj_rope_test_20260723_031029/ptoas/kv_proj_matmul.pto	36	a0271a2ec4ac5f70b5e9e4d379b9a2d93d2dda420445786516e41f804e017f3b	artifacts/15eee8625f223d9ec497744f49e38c0e294dc583/final-vpto/_jit_qkv_proj_rope_test_20260723_031029/ptoas/kv_proj_matmul.pto.vpto.mlir	artifacts/15eee8625f223d9ec497744f49e38c0e294dc583/all-phase-ir/_jit_qkv_proj_rope_test_20260723_031029/ptoas/kv_proj_matmul	0	TileLib daemon 'ptodsl.tilelib.serving.daemon' started (pid=53648, socket=/tmp/tilelib_daemon_53645.sock) Info: ptodsl TileLib daemon started successfully TileLib daemon stopped (pid=53648)
PASS	_jit_qkv_proj_rope_test_20260723_031029/ptoas/kv_proj_seed.pto	4	273738699b2854c3eb68ff282351deab87445f50c49de7a7b10305adcdc4b44a	artifacts/15eee8625f223d9ec497744f49e38c0e294dc583/final-vpto/_jit_qkv_proj_rope_test_20260723_031029/ptoas/kv_proj_seed.pto.vpto.mlir	artifacts/15eee8625f223d9ec497744f49e38c0e294dc583/all-phase-ir/_jit_qkv_proj_rope_test_20260723_031029/ptoas/kv_proj_seed	0	TileLib daemon 'ptodsl.tilelib.serving.daemon' started (pid=53703, socket=/tmp/tilelib_daemon_53700.sock) Info: ptodsl TileLib daemon started successfully TileLib daemon stopped (pid=53703)
PASS	_jit_qkv_proj_rope_test_20260723_031029/ptoas/kv_rms_norm_rope.pto	107	d631dd589c2144c7d690709d0f42108d8b2d82ce9a77d4a79be4942330301d4f	artifacts/15eee8625f223d9ec497744f49e38c0e294dc583/final-vpto/_jit_qkv_proj_rope_test_20260723_031029/ptoas/kv_rms_norm_rope.pto.vpto.mlir	artifacts/15eee8625f223d9ec497744f49e38c0e294dc583/all-phase-ir/_jit_qkv_proj_rope_test_20260723_031029/ptoas/kv_rms_norm_rope	0	TileLib daemon 'ptodsl.tilelib.serving.daemon' started (pid=53710, socket=/tmp/tilelib_daemon_53709.sock) Info: ptodsl TileLib daemon started successfully TileLib daemon stopped (pid=53710)
PASS	_jit_qkv_proj_rope_test_20260723_031029/ptoas/q_rope_prepare.pto	43	19ec6dc217cb2f23bac0edf4ae9f5434ed983b4503dbaf356a2367c6929bcc1b	artifacts/15eee8625f223d9ec497744f49e38c0e294dc583/final-vpto/_jit_qkv_proj_rope_test_20260723_031029/ptoas/q_rope_prepare.pto.vpto.mlir	artifacts/15eee8625f223d9ec497744f49e38c0e294dc583/all-phase-ir/_jit_qkv_proj_rope_test_20260723_031029/ptoas/q_rope_prepare	0	TileLib daemon 'ptodsl.tilelib.serving.daemon' started (pid=53872, socket=/tmp/tilelib_daemon_53869.sock) Info: ptodsl TileLib daemon started successfully TileLib daemon stopped (pid=53872)
PASS	_jit_qkv_proj_rope_test_20260723_031029/ptoas/qproj_dequant_rms_nope_rope.pto	71	99e931c025cb652147cc57bf7ebc582ef8dfc23624eea0453f3fd44e2893b699	artifacts/15eee8625f223d9ec497744f49e38c0e294dc583/final-vpto/_jit_qkv_proj_rope_test_20260723_031029/ptoas/qproj_dequant_rms_nope_rope.pto.vpto.mlir	artifacts/15eee8625f223d9ec497744f49e38c0e294dc583/all-phase-ir/_jit_qkv_proj_rope_test_20260723_031029/ptoas/qproj_dequant_rms_nope_rope	0	TileLib daemon 'ptodsl.tilelib.serving.daemon' started (pid=53946, socket=/tmp/tilelib_daemon_53943.sock) Info: ptodsl TileLib daemon started successfully TileLib daemon stopped (pid=53946)
PASS	_jit_qkv_proj_rope_test_20260723_031029/ptoas/qproj_matmul.pto	37	78e80500889e30f7ccc69159b2c8f61cc6a2abb4cc5fda76a00ef2e7151d6fce	artifacts/15eee8625f223d9ec497744f49e38c0e294dc583/final-vpto/_jit_qkv_proj_rope_test_20260723_031029/ptoas/qproj_matmul.pto.vpto.mlir	artifacts/15eee8625f223d9ec497744f49e38c0e294dc583/all-phase-ir/_jit_qkv_proj_rope_test_20260723_031029/ptoas/qproj_matmul	0	TileLib daemon 'ptodsl.tilelib.serving.daemon' started (pid=54062, socket=/tmp/tilelib_daemon_54059.sock) Info: ptodsl TileLib daemon started successfully TileLib daemon stopped (pid=54062)
PASS	_jit_qkv_proj_rope_test_20260723_031029/ptoas/qr_proj_matmul.pto	36	0233b6665014e39703803b81e0ce926647a55cfeefd2bdece25dfd16362995f3	artifacts/15eee8625f223d9ec497744f49e38c0e294dc583/final-vpto/_jit_qkv_proj_rope_test_20260723_031029/ptoas/qr_proj_matmul.pto.vpto.mlir	artifacts/15eee8625f223d9ec497744f49e38c0e294dc583/all-phase-ir/_jit_qkv_proj_rope_test_20260723_031029/ptoas/qr_proj_matmul	0	TileLib daemon 'ptodsl.tilelib.serving.daemon' started (pid=54120, socket=/tmp/tilelib_daemon_54117.sock) Info: ptodsl TileLib daemon started successfully TileLib daemon stopped (pid=54120)
PASS	_jit_qkv_proj_rope_test_20260723_031029/ptoas/qr_proj_seed.pto	4	b08db81827342f5411b8ab52b3c74211e068a8c3b48f7376e0bf8a533a5bd5cf	artifacts/15eee8625f223d9ec497744f49e38c0e294dc583/final-vpto/_jit_qkv_proj_rope_test_20260723_031029/ptoas/qr_proj_seed.pto.vpto.mlir	artifacts/15eee8625f223d9ec497744f49e38c0e294dc583/all-phase-ir/_jit_qkv_proj_rope_test_20260723_031029/ptoas/qr_proj_seed	0	TileLib daemon 'ptodsl.tilelib.serving.daemon' started (pid=54178, socket=/tmp/tilelib_daemon_54175.sock) Info: ptodsl TileLib daemon started successfully TileLib daemon stopped (pid=54178)
PASS	_jit_qkv_proj_rope_test_20260723_031029/ptoas/qr_rms_norm_quant.pto	83	79e500b602997bf707b59c3ac8803918f9e09cf91d10e85fabc12cac8a7a44a2	artifacts/15eee8625f223d9ec497744f49e38c0e294dc583/final-vpto/_jit_qkv_proj_rope_test_20260723_031029/ptoas/qr_rms_norm_quant.pto.vpto.mlir	artifacts/15eee8625f223d9ec497744f49e38c0e294dc583/all-phase-ir/_jit_qkv_proj_rope_test_20260723_031029/ptoas/qr_rms_norm_quant	0	TileLib daemon 'ptodsl.tilelib.serving.daemon' started (pid=54185, socket=/tmp/tilelib_daemon_54184.sock) Info: ptodsl TileLib daemon started successfully TileLib daemon stopped (pid=54185)
PASS	_jit_qkv_proj_rope_test_20260723_031234/ptoas/kv_proj_matmul.pto	36	ad0d3fc06634bc4b8d5a8906a3a7201327fc9853eafc773855c83c614a262fc5	artifacts/15eee8625f223d9ec497744f49e38c0e294dc583/final-vpto/_jit_qkv_proj_rope_test_20260723_031234/ptoas/kv_proj_matmul.pto.vpto.mlir	artifacts/15eee8625f223d9ec497744f49e38c0e294dc583/all-phase-ir/_jit_qkv_proj_rope_test_20260723_031234/ptoas/kv_proj_matmul	0	TileLib daemon 'ptodsl.tilelib.serving.daemon' started (pid=54311, socket=/tmp/tilelib_daemon_54308.sock) Info: ptodsl TileLib daemon started successfully TileLib daemon stopped (pid=54311)
PASS	_jit_qkv_proj_rope_test_20260723_031234/ptoas/kv_proj_seed.pto	4	237c35b3fb316f19290f1897921067ff775a6d2763f42f444c74b579ed185e9d	artifacts/15eee8625f223d9ec497744f49e38c0e294dc583/final-vpto/_jit_qkv_proj_rope_test_20260723_031234/ptoas/kv_proj_seed.pto.vpto.mlir	artifacts/15eee8625f223d9ec497744f49e38c0e294dc583/all-phase-ir/_jit_qkv_proj_rope_test_20260723_031234/ptoas/kv_proj_seed	0	TileLib daemon 'ptodsl.tilelib.serving.daemon' started (pid=54368, socket=/tmp/tilelib_daemon_54365.sock) Info: ptodsl TileLib daemon started successfully TileLib daemon stopped (pid=54368)
PASS	_jit_qkv_proj_rope_test_20260723_031234/ptoas/kv_rms_norm_rope.pto	107	b0fe4634d64e3401bd320226a12eee4b6b0b8d7b36937f566a2ae6c4e5e2d948	artifacts/15eee8625f223d9ec497744f49e38c0e294dc583/final-vpto/_jit_qkv_proj_rope_test_20260723_031234/ptoas/kv_rms_norm_rope.pto.vpto.mlir	artifacts/15eee8625f223d9ec497744f49e38c0e294dc583/all-phase-ir/_jit_qkv_proj_rope_test_20260723_031234/ptoas/kv_rms_norm_rope	0	TileLib daemon 'ptodsl.tilelib.serving.daemon' started (pid=54376, socket=/tmp/tilelib_daemon_54375.sock) Info: ptodsl TileLib daemon started successfully TileLib daemon stopped (pid=54376)
PASS	_jit_qkv_proj_rope_test_20260723_031234/ptoas/q_rope_prepare.pto	44	0ead3b5cd111f7ac783205882345db587d7aa5f198cd7f2a4f3c2e013eac865b	artifacts/15eee8625f223d9ec497744f49e38c0e294dc583/final-vpto/_jit_qkv_proj_rope_test_20260723_031234/ptoas/q_rope_prepare.pto.vpto.mlir	artifacts/15eee8625f223d9ec497744f49e38c0e294dc583/all-phase-ir/_jit_qkv_proj_rope_test_20260723_031234/ptoas/q_rope_prepare	0	TileLib daemon 'ptodsl.tilelib.serving.daemon' started (pid=54544, socket=/tmp/tilelib_daemon_54541.sock) Info: ptodsl TileLib daemon started successfully TileLib daemon stopped (pid=54544)
PASS	_jit_qkv_proj_rope_test_20260723_031234/ptoas/qproj_dequant_rms_nope_rope.pto	72	8a49404a6f640bd335637f1084a69389561d3daca2387d7007397ecd8ba0e2e1	artifacts/15eee8625f223d9ec497744f49e38c0e294dc583/final-vpto/_jit_qkv_proj_rope_test_20260723_031234/ptoas/qproj_dequant_rms_nope_rope.pto.vpto.mlir	artifacts/15eee8625f223d9ec497744f49e38c0e294dc583/all-phase-ir/_jit_qkv_proj_rope_test_20260723_031234/ptoas/qproj_dequant_rms_nope_rope	0	TileLib daemon 'ptodsl.tilelib.serving.daemon' started (pid=54625, socket=/tmp/tilelib_daemon_54623.sock) Info: ptodsl TileLib daemon started successfully TileLib daemon stopped (pid=54625)
PASS	_jit_qkv_proj_rope_test_20260723_031234/ptoas/qproj_matmul.pto	37	b305ff7ae2b4181a6abb2d1689315c68a506fb4f8329b8bd0037c31301d64480	artifacts/15eee8625f223d9ec497744f49e38c0e294dc583/final-vpto/_jit_qkv_proj_rope_test_20260723_031234/ptoas/qproj_matmul.pto.vpto.mlir	artifacts/15eee8625f223d9ec497744f49e38c0e294dc583/all-phase-ir/_jit_qkv_proj_rope_test_20260723_031234/ptoas/qproj_matmul	0	TileLib daemon 'ptodsl.tilelib.serving.daemon' started (pid=54736, socket=/tmp/tilelib_daemon_54732.sock) Info: ptodsl TileLib daemon started successfully TileLib daemon stopped (pid=54736)
PASS	_jit_qkv_proj_rope_test_20260723_031234/ptoas/qr_proj_matmul.pto	36	7063adddb12ba85e5f9c804de51f6706352ef1304ccea9ee9a9c18c75dcdef29	artifacts/15eee8625f223d9ec497744f49e38c0e294dc583/final-vpto/_jit_qkv_proj_rope_test_20260723_031234/ptoas/qr_proj_matmul.pto.vpto.mlir	artifacts/15eee8625f223d9ec497744f49e38c0e294dc583/all-phase-ir/_jit_qkv_proj_rope_test_20260723_031234/ptoas/qr_proj_matmul	0	TileLib daemon 'ptodsl.tilelib.serving.daemon' started (pid=54794, socket=/tmp/tilelib_daemon_54791.sock) Info: ptodsl TileLib daemon started successfully TileLib daemon stopped (pid=54794)
PASS	_jit_qkv_proj_rope_test_20260723_031234/ptoas/qr_proj_seed.pto	4	3385ef495d60951b80b4ca2840b1a18fa8d36ab702d655d73ebf6ea3e38709e8	artifacts/15eee8625f223d9ec497744f49e38c0e294dc583/final-vpto/_jit_qkv_proj_rope_test_20260723_031234/ptoas/qr_proj_seed.pto.vpto.mlir	artifacts/15eee8625f223d9ec497744f49e38c0e294dc583/all-phase-ir/_jit_qkv_proj_rope_test_20260723_031234/ptoas/qr_proj_seed	0	TileLib daemon 'ptodsl.tilelib.serving.daemon' started (pid=54851, socket=/tmp/tilelib_daemon_54848.sock) Info: ptodsl TileLib daemon started successfully TileLib daemon stopped (pid=54851)
PASS	_jit_qkv_proj_rope_test_20260723_031234/ptoas/qr_rms_norm_quant.pto	83	5ad91a5c8fdcb0a37af59ce599ccc2a04222d12de2062159406fc5eddf928257	artifacts/15eee8625f223d9ec497744f49e38c0e294dc583/final-vpto/_jit_qkv_proj_rope_test_20260723_031234/ptoas/qr_rms_norm_quant.pto.vpto.mlir	artifacts/15eee8625f223d9ec497744f49e38c0e294dc583/all-phase-ir/_jit_qkv_proj_rope_test_20260723_031234/ptoas/qr_rms_norm_quant	0	TileLib daemon 'ptodsl.tilelib.serving.daemon' started (pid=54859, socket=/tmp/tilelib_daemon_54858.sock) Info: ptodsl TileLib daemon started successfully TileLib daemon stopped (pid=54859)
PASS	_jit_rms_norm_test_20260723_030917/ptoas/rms_norm.pto	47	8a189311bc16b2b7b17620a695e93958feeb817c567bc3b7fd0b724c893d25b2	artifacts/15eee8625f223d9ec497744f49e38c0e294dc583/final-vpto/_jit_rms_norm_test_20260723_030917/ptoas/rms_norm.pto.vpto.mlir	artifacts/15eee8625f223d9ec497744f49e38c0e294dc583/all-phase-ir/_jit_rms_norm_test_20260723_030917/ptoas/rms_norm	0	TileLib daemon 'ptodsl.tilelib.serving.daemon' started (pid=54990, socket=/tmp/tilelib_daemon_54987.sock) Info: ptodsl TileLib daemon started successfully TileLib daemon stopped (pid=54990)
PASS	_jit_rms_norm_test_20260723_030929/ptoas/rms_norm.pto	47	af9a7648e49427ef51028fbcf1f5b1f771ae4cd1470b487b907624f74fc63759	artifacts/15eee8625f223d9ec497744f49e38c0e294dc583/final-vpto/_jit_rms_norm_test_20260723_030929/ptoas/rms_norm.pto.vpto.mlir	artifacts/15eee8625f223d9ec497744f49e38c0e294dc583/all-phase-ir/_jit_rms_norm_test_20260723_030929/ptoas/rms_norm	0	TileLib daemon 'ptodsl.tilelib.serving.daemon' started (pid=55066, socket=/tmp/tilelib_daemon_55063.sock) Info: ptodsl TileLib daemon started successfully TileLib daemon stopped (pid=55066)
