case	variant	repeat	task_duration_us	output_sha256	profile
prefill_softmax	ordinary	1	98.346	f0342373bd90377964635fb8afe2771dfe356f925cc7e946339f519b5b7539c7	${RESULT_ROOT}/prefill_softmax/profiles/ordinary-1
prefill_softmax	ordinary	2	99.403	f0342373bd90377964635fb8afe2771dfe356f925cc7e946339f519b5b7539c7	${RESULT_ROOT}/prefill_softmax/profiles/ordinary-2
prefill_softmax	ordinary	3	102.424	f0342373bd90377964635fb8afe2771dfe356f925cc7e946339f519b5b7539c7	${RESULT_ROOT}/prefill_softmax/profiles/ordinary-3
prefill_softmax	ordinary	4	99.813	f0342373bd90377964635fb8afe2771dfe356f925cc7e946339f519b5b7539c7	${RESULT_ROOT}/prefill_softmax/profiles/ordinary-4
prefill_softmax	ordinary	5	99.490	f0342373bd90377964635fb8afe2771dfe356f925cc7e946339f519b5b7539c7	${RESULT_ROOT}/prefill_softmax/profiles/ordinary-5
prefill_softmax	vmi_candidate	1	100.375	f0342373bd90377964635fb8afe2771dfe356f925cc7e946339f519b5b7539c7	${RESULT_ROOT}/prefill_softmax/profiles/vmi_candidate-1
prefill_softmax	vmi_candidate	2	102.317	f0342373bd90377964635fb8afe2771dfe356f925cc7e946339f519b5b7539c7	${RESULT_ROOT}/prefill_softmax/profiles/vmi_candidate-2
prefill_softmax	vmi_candidate	3	100.052	f0342373bd90377964635fb8afe2771dfe356f925cc7e946339f519b5b7539c7	${RESULT_ROOT}/prefill_softmax/profiles/vmi_candidate-3
prefill_softmax	vmi_candidate	4	101.753	f0342373bd90377964635fb8afe2771dfe356f925cc7e946339f519b5b7539c7	${RESULT_ROOT}/prefill_softmax/profiles/vmi_candidate-4
prefill_softmax	vmi_candidate	5	105.251	f0342373bd90377964635fb8afe2771dfe356f925cc7e946339f519b5b7539c7	${RESULT_ROOT}/prefill_softmax/profiles/vmi_candidate-5
prefill_softmax	vmi_loop	1	101.017	f0342373bd90377964635fb8afe2771dfe356f925cc7e946339f519b5b7539c7	${RESULT_ROOT}/prefill_softmax/profiles/vmi_loop-1
prefill_softmax	vmi_loop	2	103.959	f0342373bd90377964635fb8afe2771dfe356f925cc7e946339f519b5b7539c7	${RESULT_ROOT}/prefill_softmax/profiles/vmi_loop-2
prefill_softmax	vmi_loop	3	101.698	f0342373bd90377964635fb8afe2771dfe356f925cc7e946339f519b5b7539c7	${RESULT_ROOT}/prefill_softmax/profiles/vmi_loop-3
prefill_softmax	vmi_loop	4	97.418	f0342373bd90377964635fb8afe2771dfe356f925cc7e946339f519b5b7539c7	${RESULT_ROOT}/prefill_softmax/profiles/vmi_loop-4
prefill_softmax	vmi_loop	5	102.654	f0342373bd90377964635fb8afe2771dfe356f925cc7e946339f519b5b7539c7	${RESULT_ROOT}/prefill_softmax/profiles/vmi_loop-5
prefill_softmax	vmi_fused	1	101.705	f0342373bd90377964635fb8afe2771dfe356f925cc7e946339f519b5b7539c7	${RESULT_ROOT}/prefill_softmax/profiles/vmi_fused-1
prefill_softmax	vmi_fused	2	99.646	f0342373bd90377964635fb8afe2771dfe356f925cc7e946339f519b5b7539c7	${RESULT_ROOT}/prefill_softmax/profiles/vmi_fused-2
prefill_softmax	vmi_fused	3	97.551	f0342373bd90377964635fb8afe2771dfe356f925cc7e946339f519b5b7539c7	${RESULT_ROOT}/prefill_softmax/profiles/vmi_fused-3
prefill_softmax	vmi_fused	4	100.775	f0342373bd90377964635fb8afe2771dfe356f925cc7e946339f519b5b7539c7	${RESULT_ROOT}/prefill_softmax/profiles/vmi_fused-4
prefill_softmax	vmi_fused	5	95.039	f0342373bd90377964635fb8afe2771dfe356f925cc7e946339f519b5b7539c7	${RESULT_ROOT}/prefill_softmax/profiles/vmi_fused-5
prefill_rope	ordinary	1	87.252	dce4d1b93d905fe256244125328c47dffbfddeae426ac1d6b4398e5c8a2b7c53	${RESULT_ROOT}/prefill_rope/profiles/ordinary-1
prefill_rope	ordinary	2	86.774	dce4d1b93d905fe256244125328c47dffbfddeae426ac1d6b4398e5c8a2b7c53	${RESULT_ROOT}/prefill_rope/profiles/ordinary-2
prefill_rope	ordinary	3	88.748	dce4d1b93d905fe256244125328c47dffbfddeae426ac1d6b4398e5c8a2b7c53	${RESULT_ROOT}/prefill_rope/profiles/ordinary-3
prefill_rope	ordinary	4	87.832	dce4d1b93d905fe256244125328c47dffbfddeae426ac1d6b4398e5c8a2b7c53	${RESULT_ROOT}/prefill_rope/profiles/ordinary-4
prefill_rope	ordinary	5	88.716	dce4d1b93d905fe256244125328c47dffbfddeae426ac1d6b4398e5c8a2b7c53	${RESULT_ROOT}/prefill_rope/profiles/ordinary-5
prefill_rope	vmi_candidate	1	92.184	dce4d1b93d905fe256244125328c47dffbfddeae426ac1d6b4398e5c8a2b7c53	${RESULT_ROOT}/prefill_rope/profiles/vmi_candidate-1
prefill_rope	vmi_candidate	2	93.322	dce4d1b93d905fe256244125328c47dffbfddeae426ac1d6b4398e5c8a2b7c53	${RESULT_ROOT}/prefill_rope/profiles/vmi_candidate-2
prefill_rope	vmi_candidate	3	94.294	dce4d1b93d905fe256244125328c47dffbfddeae426ac1d6b4398e5c8a2b7c53	${RESULT_ROOT}/prefill_rope/profiles/vmi_candidate-3
prefill_rope	vmi_candidate	4	93.106	dce4d1b93d905fe256244125328c47dffbfddeae426ac1d6b4398e5c8a2b7c53	${RESULT_ROOT}/prefill_rope/profiles/vmi_candidate-4
prefill_rope	vmi_candidate	5	94.319	dce4d1b93d905fe256244125328c47dffbfddeae426ac1d6b4398e5c8a2b7c53	${RESULT_ROOT}/prefill_rope/profiles/vmi_candidate-5
prefill_rope	vmi_loop	1	88.841	dce4d1b93d905fe256244125328c47dffbfddeae426ac1d6b4398e5c8a2b7c53	${RESULT_ROOT}/prefill_rope/profiles/vmi_loop-1
prefill_rope	vmi_loop	2	91.790	dce4d1b93d905fe256244125328c47dffbfddeae426ac1d6b4398e5c8a2b7c53	${RESULT_ROOT}/prefill_rope/profiles/vmi_loop-2
prefill_rope	vmi_loop	3	91.003	dce4d1b93d905fe256244125328c47dffbfddeae426ac1d6b4398e5c8a2b7c53	${RESULT_ROOT}/prefill_rope/profiles/vmi_loop-3
prefill_rope	vmi_loop	4	91.414	dce4d1b93d905fe256244125328c47dffbfddeae426ac1d6b4398e5c8a2b7c53	${RESULT_ROOT}/prefill_rope/profiles/vmi_loop-4
prefill_rope	vmi_loop	5	89.102	dce4d1b93d905fe256244125328c47dffbfddeae426ac1d6b4398e5c8a2b7c53	${RESULT_ROOT}/prefill_rope/profiles/vmi_loop-5
prefill_rope	vmi_fused	1	80.665	dce4d1b93d905fe256244125328c47dffbfddeae426ac1d6b4398e5c8a2b7c53	${RESULT_ROOT}/prefill_rope/profiles/vmi_fused-1
prefill_rope	vmi_fused	2	81.877	dce4d1b93d905fe256244125328c47dffbfddeae426ac1d6b4398e5c8a2b7c53	${RESULT_ROOT}/prefill_rope/profiles/vmi_fused-2
prefill_rope	vmi_fused	3	78.897	dce4d1b93d905fe256244125328c47dffbfddeae426ac1d6b4398e5c8a2b7c53	${RESULT_ROOT}/prefill_rope/profiles/vmi_fused-3
prefill_rope	vmi_fused	4	81.019	dce4d1b93d905fe256244125328c47dffbfddeae426ac1d6b4398e5c8a2b7c53	${RESULT_ROOT}/prefill_rope/profiles/vmi_fused-4
prefill_rope	vmi_fused	5	79.866	dce4d1b93d905fe256244125328c47dffbfddeae426ac1d6b4398e5c8a2b7c53	${RESULT_ROOT}/prefill_rope/profiles/vmi_fused-5
decode_rmsnorm	ordinary	1	30.005	37dff1b4fb730b4cce90b06d1f128a4a77e9236e8677b65c7cb4f98c239a960c	${RESULT_ROOT}/decode_rmsnorm/profiles/ordinary-1
decode_rmsnorm	ordinary	2	29.468	37dff1b4fb730b4cce90b06d1f128a4a77e9236e8677b65c7cb4f98c239a960c	${RESULT_ROOT}/decode_rmsnorm/profiles/ordinary-2
decode_rmsnorm	ordinary	3	30.396	37dff1b4fb730b4cce90b06d1f128a4a77e9236e8677b65c7cb4f98c239a960c	${RESULT_ROOT}/decode_rmsnorm/profiles/ordinary-3
decode_rmsnorm	ordinary	4	30.529	37dff1b4fb730b4cce90b06d1f128a4a77e9236e8677b65c7cb4f98c239a960c	${RESULT_ROOT}/decode_rmsnorm/profiles/ordinary-4
decode_rmsnorm	ordinary	5	30.256	37dff1b4fb730b4cce90b06d1f128a4a77e9236e8677b65c7cb4f98c239a960c	${RESULT_ROOT}/decode_rmsnorm/profiles/ordinary-5
decode_rmsnorm	vmi_candidate	1	28.152	37dff1b4fb730b4cce90b06d1f128a4a77e9236e8677b65c7cb4f98c239a960c	${RESULT_ROOT}/decode_rmsnorm/profiles/vmi_candidate-1
decode_rmsnorm	vmi_candidate	2	27.082	37dff1b4fb730b4cce90b06d1f128a4a77e9236e8677b65c7cb4f98c239a960c	${RESULT_ROOT}/decode_rmsnorm/profiles/vmi_candidate-2
decode_rmsnorm	vmi_candidate	3	27.511	37dff1b4fb730b4cce90b06d1f128a4a77e9236e8677b65c7cb4f98c239a960c	${RESULT_ROOT}/decode_rmsnorm/profiles/vmi_candidate-3
decode_rmsnorm	vmi_candidate	4	27.241	37dff1b4fb730b4cce90b06d1f128a4a77e9236e8677b65c7cb4f98c239a960c	${RESULT_ROOT}/decode_rmsnorm/profiles/vmi_candidate-4
decode_rmsnorm	vmi_candidate	5	26.715	37dff1b4fb730b4cce90b06d1f128a4a77e9236e8677b65c7cb4f98c239a960c	${RESULT_ROOT}/decode_rmsnorm/profiles/vmi_candidate-5
decode_rmsnorm	vmi_loop	1	31.618	37dff1b4fb730b4cce90b06d1f128a4a77e9236e8677b65c7cb4f98c239a960c	${RESULT_ROOT}/decode_rmsnorm/profiles/vmi_loop-1
decode_rmsnorm	vmi_loop	2	31.808	37dff1b4fb730b4cce90b06d1f128a4a77e9236e8677b65c7cb4f98c239a960c	${RESULT_ROOT}/decode_rmsnorm/profiles/vmi_loop-2
decode_rmsnorm	vmi_loop	3	32.474	37dff1b4fb730b4cce90b06d1f128a4a77e9236e8677b65c7cb4f98c239a960c	${RESULT_ROOT}/decode_rmsnorm/profiles/vmi_loop-3
decode_rmsnorm	vmi_loop	4	32.222	37dff1b4fb730b4cce90b06d1f128a4a77e9236e8677b65c7cb4f98c239a960c	${RESULT_ROOT}/decode_rmsnorm/profiles/vmi_loop-4
decode_rmsnorm	vmi_loop	5	31.790	37dff1b4fb730b4cce90b06d1f128a4a77e9236e8677b65c7cb4f98c239a960c	${RESULT_ROOT}/decode_rmsnorm/profiles/vmi_loop-5
decode_rmsnorm	vmi_fused	1	25.459	37dff1b4fb730b4cce90b06d1f128a4a77e9236e8677b65c7cb4f98c239a960c	${RESULT_ROOT}/decode_rmsnorm/profiles/vmi_fused-1
decode_rmsnorm	vmi_fused	2	26.598	37dff1b4fb730b4cce90b06d1f128a4a77e9236e8677b65c7cb4f98c239a960c	${RESULT_ROOT}/decode_rmsnorm/profiles/vmi_fused-2
decode_rmsnorm	vmi_fused	3	26.613	37dff1b4fb730b4cce90b06d1f128a4a77e9236e8677b65c7cb4f98c239a960c	${RESULT_ROOT}/decode_rmsnorm/profiles/vmi_fused-3
decode_rmsnorm	vmi_fused	4	26.369	37dff1b4fb730b4cce90b06d1f128a4a77e9236e8677b65c7cb4f98c239a960c	${RESULT_ROOT}/decode_rmsnorm/profiles/vmi_fused-4
decode_rmsnorm	vmi_fused	5	26.161	37dff1b4fb730b4cce90b06d1f128a4a77e9236e8677b65c7cb4f98c239a960c	${RESULT_ROOT}/decode_rmsnorm/profiles/vmi_fused-5
decode_rmsnorm_rope	ordinary	1	12.488	5ed034d72e9904cb6579b95548429ca7920f394b9b5b67ba0ba66db52bda7bfb	${RESULT_ROOT}/decode_rmsnorm_rope/profiles/ordinary-1
decode_rmsnorm_rope	ordinary	2	11.600	5ed034d72e9904cb6579b95548429ca7920f394b9b5b67ba0ba66db52bda7bfb	${RESULT_ROOT}/decode_rmsnorm_rope/profiles/ordinary-2
decode_rmsnorm_rope	ordinary	3	11.295	5ed034d72e9904cb6579b95548429ca7920f394b9b5b67ba0ba66db52bda7bfb	${RESULT_ROOT}/decode_rmsnorm_rope/profiles/ordinary-3
decode_rmsnorm_rope	ordinary	4	12.147	5ed034d72e9904cb6579b95548429ca7920f394b9b5b67ba0ba66db52bda7bfb	${RESULT_ROOT}/decode_rmsnorm_rope/profiles/ordinary-4
decode_rmsnorm_rope	ordinary	5	11.256	5ed034d72e9904cb6579b95548429ca7920f394b9b5b67ba0ba66db52bda7bfb	${RESULT_ROOT}/decode_rmsnorm_rope/profiles/ordinary-5
decode_rmsnorm_rope	vmi_candidate	1	11.269	ad2768c71558afa4e64ecb45bc3c5c0b7218a9289cde676b5f2fd8cc680042a5	${RESULT_ROOT}/decode_rmsnorm_rope/profiles/vmi_candidate-1
decode_rmsnorm_rope	vmi_candidate	2	11.312	ad2768c71558afa4e64ecb45bc3c5c0b7218a9289cde676b5f2fd8cc680042a5	${RESULT_ROOT}/decode_rmsnorm_rope/profiles/vmi_candidate-2
decode_rmsnorm_rope	vmi_candidate	3	11.316	ad2768c71558afa4e64ecb45bc3c5c0b7218a9289cde676b5f2fd8cc680042a5	${RESULT_ROOT}/decode_rmsnorm_rope/profiles/vmi_candidate-3
decode_rmsnorm_rope	vmi_candidate	4	11.572	ad2768c71558afa4e64ecb45bc3c5c0b7218a9289cde676b5f2fd8cc680042a5	${RESULT_ROOT}/decode_rmsnorm_rope/profiles/vmi_candidate-4
decode_rmsnorm_rope	vmi_candidate	5	11.094	ad2768c71558afa4e64ecb45bc3c5c0b7218a9289cde676b5f2fd8cc680042a5	${RESULT_ROOT}/decode_rmsnorm_rope/profiles/vmi_candidate-5
decode_rmsnorm_rope	vmi_loop	1	12.061	ad2768c71558afa4e64ecb45bc3c5c0b7218a9289cde676b5f2fd8cc680042a5	${RESULT_ROOT}/decode_rmsnorm_rope/profiles/vmi_loop-1
decode_rmsnorm_rope	vmi_loop	2	11.826	ad2768c71558afa4e64ecb45bc3c5c0b7218a9289cde676b5f2fd8cc680042a5	${RESULT_ROOT}/decode_rmsnorm_rope/profiles/vmi_loop-2
decode_rmsnorm_rope	vmi_loop	3	12.054	ad2768c71558afa4e64ecb45bc3c5c0b7218a9289cde676b5f2fd8cc680042a5	${RESULT_ROOT}/decode_rmsnorm_rope/profiles/vmi_loop-3
decode_rmsnorm_rope	vmi_loop	4	12.623	ad2768c71558afa4e64ecb45bc3c5c0b7218a9289cde676b5f2fd8cc680042a5	${RESULT_ROOT}/decode_rmsnorm_rope/profiles/vmi_loop-4
decode_rmsnorm_rope	vmi_loop	5	11.518	ad2768c71558afa4e64ecb45bc3c5c0b7218a9289cde676b5f2fd8cc680042a5	${RESULT_ROOT}/decode_rmsnorm_rope/profiles/vmi_loop-5
decode_rmsnorm_rope	vmi_fused	1	10.709	ad2768c71558afa4e64ecb45bc3c5c0b7218a9289cde676b5f2fd8cc680042a5	${RESULT_ROOT}/decode_rmsnorm_rope/profiles/vmi_fused-1
decode_rmsnorm_rope	vmi_fused	2	10.971	ad2768c71558afa4e64ecb45bc3c5c0b7218a9289cde676b5f2fd8cc680042a5	${RESULT_ROOT}/decode_rmsnorm_rope/profiles/vmi_fused-2
decode_rmsnorm_rope	vmi_fused	3	10.683	ad2768c71558afa4e64ecb45bc3c5c0b7218a9289cde676b5f2fd8cc680042a5	${RESULT_ROOT}/decode_rmsnorm_rope/profiles/vmi_fused-3
decode_rmsnorm_rope	vmi_fused	4	11.084	ad2768c71558afa4e64ecb45bc3c5c0b7218a9289cde676b5f2fd8cc680042a5	${RESULT_ROOT}/decode_rmsnorm_rope/profiles/vmi_fused-4
decode_rmsnorm_rope	vmi_fused	5	10.206	ad2768c71558afa4e64ecb45bc3c5c0b7218a9289cde676b5f2fd8cc680042a5	${RESULT_ROOT}/decode_rmsnorm_rope/profiles/vmi_fused-5
decode_comb_sinkhorn	ordinary	1	59.205	a7182d706c8addf01eedfc64099bca0c2a961f6be4a3382f4232f0ea28271dc6	${RESULT_ROOT}/decode_comb_sinkhorn/profiles/ordinary-1
decode_comb_sinkhorn	ordinary	2	59.668	a7182d706c8addf01eedfc64099bca0c2a961f6be4a3382f4232f0ea28271dc6	${RESULT_ROOT}/decode_comb_sinkhorn/profiles/ordinary-2
decode_comb_sinkhorn	ordinary	3	59.731	a7182d706c8addf01eedfc64099bca0c2a961f6be4a3382f4232f0ea28271dc6	${RESULT_ROOT}/decode_comb_sinkhorn/profiles/ordinary-3
decode_comb_sinkhorn	ordinary	4	59.745	a7182d706c8addf01eedfc64099bca0c2a961f6be4a3382f4232f0ea28271dc6	${RESULT_ROOT}/decode_comb_sinkhorn/profiles/ordinary-4
decode_comb_sinkhorn	ordinary	5	59.709	a7182d706c8addf01eedfc64099bca0c2a961f6be4a3382f4232f0ea28271dc6	${RESULT_ROOT}/decode_comb_sinkhorn/profiles/ordinary-5
decode_comb_sinkhorn	vmi_candidate	1	59.571	a7182d706c8addf01eedfc64099bca0c2a961f6be4a3382f4232f0ea28271dc6	${RESULT_ROOT}/decode_comb_sinkhorn/profiles/vmi_candidate-1
decode_comb_sinkhorn	vmi_candidate	2	59.930	a7182d706c8addf01eedfc64099bca0c2a961f6be4a3382f4232f0ea28271dc6	${RESULT_ROOT}/decode_comb_sinkhorn/profiles/vmi_candidate-2
decode_comb_sinkhorn	vmi_candidate	3	59.166	a7182d706c8addf01eedfc64099bca0c2a961f6be4a3382f4232f0ea28271dc6	${RESULT_ROOT}/decode_comb_sinkhorn/profiles/vmi_candidate-3
decode_comb_sinkhorn	vmi_candidate	4	59.922	a7182d706c8addf01eedfc64099bca0c2a961f6be4a3382f4232f0ea28271dc6	${RESULT_ROOT}/decode_comb_sinkhorn/profiles/vmi_candidate-4
decode_comb_sinkhorn	vmi_candidate	5	59.161	a7182d706c8addf01eedfc64099bca0c2a961f6be4a3382f4232f0ea28271dc6	${RESULT_ROOT}/decode_comb_sinkhorn/profiles/vmi_candidate-5
decode_comb_sinkhorn	vmi_loop	1	59.484	a7182d706c8addf01eedfc64099bca0c2a961f6be4a3382f4232f0ea28271dc6	${RESULT_ROOT}/decode_comb_sinkhorn/profiles/vmi_loop-1
decode_comb_sinkhorn	vmi_loop	2	59.283	a7182d706c8addf01eedfc64099bca0c2a961f6be4a3382f4232f0ea28271dc6	${RESULT_ROOT}/decode_comb_sinkhorn/profiles/vmi_loop-2
decode_comb_sinkhorn	vmi_loop	3	59.121	a7182d706c8addf01eedfc64099bca0c2a961f6be4a3382f4232f0ea28271dc6	${RESULT_ROOT}/decode_comb_sinkhorn/profiles/vmi_loop-3
decode_comb_sinkhorn	vmi_loop	4	59.939	a7182d706c8addf01eedfc64099bca0c2a961f6be4a3382f4232f0ea28271dc6	${RESULT_ROOT}/decode_comb_sinkhorn/profiles/vmi_loop-4
decode_comb_sinkhorn	vmi_loop	5	59.443	a7182d706c8addf01eedfc64099bca0c2a961f6be4a3382f4232f0ea28271dc6	${RESULT_ROOT}/decode_comb_sinkhorn/profiles/vmi_loop-5
decode_comb_sinkhorn	vmi_fused	1	60.013	a7182d706c8addf01eedfc64099bca0c2a961f6be4a3382f4232f0ea28271dc6	${RESULT_ROOT}/decode_comb_sinkhorn/profiles/vmi_fused-1
decode_comb_sinkhorn	vmi_fused	2	60.109	a7182d706c8addf01eedfc64099bca0c2a961f6be4a3382f4232f0ea28271dc6	${RESULT_ROOT}/decode_comb_sinkhorn/profiles/vmi_fused-2
decode_comb_sinkhorn	vmi_fused	3	59.492	a7182d706c8addf01eedfc64099bca0c2a961f6be4a3382f4232f0ea28271dc6	${RESULT_ROOT}/decode_comb_sinkhorn/profiles/vmi_fused-3
decode_comb_sinkhorn	vmi_fused	4	60.232	a7182d706c8addf01eedfc64099bca0c2a961f6be4a3382f4232f0ea28271dc6	${RESULT_ROOT}/decode_comb_sinkhorn/profiles/vmi_fused-4
decode_comb_sinkhorn	vmi_fused	5	60.012	a7182d706c8addf01eedfc64099bca0c2a961f6be4a3382f4232f0ea28271dc6	${RESULT_ROOT}/decode_comb_sinkhorn/profiles/vmi_fused-5
prefill_comb_sinkhorn	ordinary	1	59.541	a7182d706c8addf01eedfc64099bca0c2a961f6be4a3382f4232f0ea28271dc6	${RESULT_ROOT}/prefill_comb_sinkhorn/profiles/ordinary-1
prefill_comb_sinkhorn	ordinary	2	59.879	a7182d706c8addf01eedfc64099bca0c2a961f6be4a3382f4232f0ea28271dc6	${RESULT_ROOT}/prefill_comb_sinkhorn/profiles/ordinary-2
prefill_comb_sinkhorn	ordinary	3	59.458	a7182d706c8addf01eedfc64099bca0c2a961f6be4a3382f4232f0ea28271dc6	${RESULT_ROOT}/prefill_comb_sinkhorn/profiles/ordinary-3
prefill_comb_sinkhorn	ordinary	4	59.762	a7182d706c8addf01eedfc64099bca0c2a961f6be4a3382f4232f0ea28271dc6	${RESULT_ROOT}/prefill_comb_sinkhorn/profiles/ordinary-4
prefill_comb_sinkhorn	ordinary	5	59.263	a7182d706c8addf01eedfc64099bca0c2a961f6be4a3382f4232f0ea28271dc6	${RESULT_ROOT}/prefill_comb_sinkhorn/profiles/ordinary-5
prefill_comb_sinkhorn	vmi_candidate	1	59.522	a7182d706c8addf01eedfc64099bca0c2a961f6be4a3382f4232f0ea28271dc6	${RESULT_ROOT}/prefill_comb_sinkhorn/profiles/vmi_candidate-1
prefill_comb_sinkhorn	vmi_candidate	2	59.651	a7182d706c8addf01eedfc64099bca0c2a961f6be4a3382f4232f0ea28271dc6	${RESULT_ROOT}/prefill_comb_sinkhorn/profiles/vmi_candidate-2
prefill_comb_sinkhorn	vmi_candidate	3	58.826	a7182d706c8addf01eedfc64099bca0c2a961f6be4a3382f4232f0ea28271dc6	${RESULT_ROOT}/prefill_comb_sinkhorn/profiles/vmi_candidate-3
prefill_comb_sinkhorn	vmi_candidate	4	59.743	a7182d706c8addf01eedfc64099bca0c2a961f6be4a3382f4232f0ea28271dc6	${RESULT_ROOT}/prefill_comb_sinkhorn/profiles/vmi_candidate-4
prefill_comb_sinkhorn	vmi_candidate	5	59.307	a7182d706c8addf01eedfc64099bca0c2a961f6be4a3382f4232f0ea28271dc6	${RESULT_ROOT}/prefill_comb_sinkhorn/profiles/vmi_candidate-5
prefill_comb_sinkhorn	vmi_loop	1	59.514	a7182d706c8addf01eedfc64099bca0c2a961f6be4a3382f4232f0ea28271dc6	${RESULT_ROOT}/prefill_comb_sinkhorn/profiles/vmi_loop-1
prefill_comb_sinkhorn	vmi_loop	2	59.479	a7182d706c8addf01eedfc64099bca0c2a961f6be4a3382f4232f0ea28271dc6	${RESULT_ROOT}/prefill_comb_sinkhorn/profiles/vmi_loop-2
prefill_comb_sinkhorn	vmi_loop	3	59.830	a7182d706c8addf01eedfc64099bca0c2a961f6be4a3382f4232f0ea28271dc6	${RESULT_ROOT}/prefill_comb_sinkhorn/profiles/vmi_loop-3
prefill_comb_sinkhorn	vmi_loop	4	59.979	a7182d706c8addf01eedfc64099bca0c2a961f6be4a3382f4232f0ea28271dc6	${RESULT_ROOT}/prefill_comb_sinkhorn/profiles/vmi_loop-4
prefill_comb_sinkhorn	vmi_loop	5	59.548	a7182d706c8addf01eedfc64099bca0c2a961f6be4a3382f4232f0ea28271dc6	${RESULT_ROOT}/prefill_comb_sinkhorn/profiles/vmi_loop-5
prefill_comb_sinkhorn	vmi_fused	1	59.475	a7182d706c8addf01eedfc64099bca0c2a961f6be4a3382f4232f0ea28271dc6	${RESULT_ROOT}/prefill_comb_sinkhorn/profiles/vmi_fused-1
prefill_comb_sinkhorn	vmi_fused	2	59.801	a7182d706c8addf01eedfc64099bca0c2a961f6be4a3382f4232f0ea28271dc6	${RESULT_ROOT}/prefill_comb_sinkhorn/profiles/vmi_fused-2
prefill_comb_sinkhorn	vmi_fused	3	59.828	a7182d706c8addf01eedfc64099bca0c2a961f6be4a3382f4232f0ea28271dc6	${RESULT_ROOT}/prefill_comb_sinkhorn/profiles/vmi_fused-3
prefill_comb_sinkhorn	vmi_fused	4	60.177	a7182d706c8addf01eedfc64099bca0c2a961f6be4a3382f4232f0ea28271dc6	${RESULT_ROOT}/prefill_comb_sinkhorn/profiles/vmi_fused-4
prefill_comb_sinkhorn	vmi_fused	5	59.119	a7182d706c8addf01eedfc64099bca0c2a961f6be4a3382f4232f0ea28271dc6	${RESULT_ROOT}/prefill_comb_sinkhorn/profiles/vmi_fused-5
